sample_id,city,latitude,longitude,date,ndvi,humidity_percent,windspeed_mps,builtup_area_percent,lst_celsius
1,Pune,18.6272,73.7427,2024-10-11,0.292,53.4,3.64,67.9,26.4
2,Chennai,12.9682,80.1567,2024-04-21,0.156,49.2,3.28,88.8,44.2
3,Pune,18.6944,73.8447,2024-11-09,0.747,50.9,4.7,4.8,18.6
4,Delhi,28.8515,77.0157,2024-08-29,0.658,60.1,2.72,19.6,24.2
5,Ahmedabad,23.1115,72.5857,2024-08-02,0.284,48.5,3.66,52.5,34.3
6,Delhi,28.8018,76.9492,2024-05-10,0.746,34.6,3.61,9.7,29.6
7,Hyderabad,17.3429,78.6565,2024-11-05,0.532,51.9,4.89,31.7,25.7
8,Bengaluru,12.8813,77.5623,2024-10-02,0.535,55.4,2.45,42.9,20.0
9,Kolkata,22.7106,88.3007,2024-02-14,0.159,72.6,1.28,86.2,33.7
10,Hyderabad,17.2482,78.4282,2024-12-10,0.634,44.9,2.38,14.6,20.6
11,Hyderabad,17.301,78.6583,2024-05-30,0.55,43.2,2.99,55.4,33.8
12,Hyderabad,17.4672,78.4391,2024-08-18,0.38,66.0,2.28,39.8,31.0
13,Hyderabad,17.3481,78.4931,2024-11-01,0.121,51.5,3.97,82.6,32.1
14,Pune,18.4625,73.8024,2024-09-21,0.5,76.6,3.69,40.7,25.2
15,Kolkata,22.554,88.5419,2024-03-05,0.37,53.8,4.58,65.3,35.2
16,Kolkata,22.4804,88.5342,2024-05-23,0.602,60.8,1.72,28.0,35.8
17,Mumbai,19.0652,72.7983,2024-11-18,0.311,77.5,2.77,64.8,26.9
18,Kolkata,22.6432,88.3891,2024-02-05,0.673,82.9,3.71,8.7,17.8
19,Pune,18.4915,73.7689,2024-08-11,0.474,64.7,3.17,40.9,27.1
20,Delhi,28.6917,77.1179,2024-04-14,0.533,34.7,2.83,45.4,36.9
21,Mumbai,19.1991,72.7677,2024-05-30,0.542,58.0,5.26,24.8,37.0
22,Hyderabad,17.2674,78.363,2024-04-01,0.663,36.9,2.84,29.8,36.5
23,Hyderabad,17.3281,78.3397,2024-02-04,0.528,53.3,3.34,46.3,24.8
24,Ahmedabad,23.0796,72.4501,2024-01-26,0.412,30.4,4.96,61.0,31.5
25,Delhi,28.8195,77.157,2024-03-16,0.404,25.6,4.12,49.3,34.2
26,Delhi,28.6256,76.965,2024-09-11,0.317,63.6,3.13,80.1,33.0
27,Chennai,12.9927,80.2997,2024-11-12,0.37,65.3,6.85,70.0,26.4
28,Delhi,28.6642,76.9264,2024-11-26,0.583,34.8,2.37,30.8,23.8
29,Mumbai,19.2366,72.979,2024-02-11,0.403,72.8,4.03,55.7,29.3
30,Chennai,12.932,80.1212,2024-12-26,0.471,69.6,5.29,59.3,27.7
31,Pune,18.4968,73.768,2024-05-27,0.556,44.8,2.27,37.1,31.8
32,Hyderabad,17.2855,78.6535,2024-01-05,0.46,47.5,3.27,44.9,31.2
33,Kolkata,22.4986,88.5424,2024-09-11,0.272,90.2,1.57,74.4,29.4
34,Mumbai,18.924,73.0485,2024-12-25,0.618,69.9,6.13,29.3,24.7
35,Ahmedabad,23.1972,72.527,2024-09-30,0.474,58.1,3.33,36.5,32.7
36,Chennai,13.2086,80.1797,2024-06-13,0.362,61.3,3.73,48.2,36.4
37,Kolkata,22.6919,88.2947,2024-10-24,0.404,68.9,3.55,85.1,30.2
38,Chennai,13.1151,80.2319,2024-06-08,0.46,51.2,3.91,60.9,41.2
39,Bengaluru,12.9167,77.4899,2024-07-30,0.327,74.2,1.94,85.8,29.6
40,Delhi,28.7644,76.9845,2024-03-11,0.373,30.0,0.66,47.4,35.2
41,Hyderabad,17.3782,78.5543,2024-07-05,0.447,63.7,3.26,47.4,28.7
42,Chennai,13.1718,80.1039,2024-04-02,0.221,56.0,4.04,87.0,42.2
43,Chennai,13.1057,80.3934,2024-02-02,0.257,76.6,3.34,75.1,30.6
44,Ahmedabad,22.9979,72.4373,2024-04-13,0.227,26.0,2.37,91.7,43.8
45,Kolkata,22.6827,88.2039,2024-11-03,0.563,68.0,3.09,28.9,21.7
46,Chennai,13.1031,80.2965,2024-04-12,0.209,57.7,3.17,55.0,42.0
47,Delhi,28.8596,77.0379,2024-08-04,0.494,67.4,2.19,41.7,27.4
48,Bengaluru,13.0906,77.762,2024-02-15,0.411,61.8,3.0,51.4,21.6
49,Kolkata,22.6896,88.251,2024-03-27,0.582,68.9,2.93,33.8,34.9
50,Pune,18.5214,73.7603,2024-11-24,0.222,46.9,4.37,89.4,28.2
51,Bengaluru,12.97,77.6815,2024-07-28,0.447,75.2,4.55,51.8,25.9
52,Bengaluru,12.8314,77.7193,2024-02-16,0.414,66.9,3.84,41.6,17.6
53,Bengaluru,13.0892,77.7599,2024-05-05,0.492,46.5,2.54,41.9,30.9
54,Mumbai,19.0994,72.9485,2024-12-02,0.325,64.9,4.12,90.8,31.0
55,Ahmedabad,23.0613,72.528,2024-09-28,0.24,54.8,3.74,71.4,35.4
56,Ahmedabad,22.9234,72.5543,2024-02-21,0.456,33.8,3.55,53.9,26.9
57,Bengaluru,12.858,77.5225,2024-04-23,0.247,51.4,2.52,55.9,31.1
58,Delhi,28.6873,77.1113,2024-06-09,0.371,27.7,1.97,57.0,36.2
59,Pune,18.6928,73.979,2024-11-12,0.186,56.8,1.71,75.0,27.3
60,Ahmedabad,22.8783,72.4789,2024-09-20,0.276,48.3,4.55,84.0,36.0
61,Chennai,13.0334,80.103,2024-10-30,0.522,71.7,4.27,39.9,24.9
62,Pune,18.6283,73.8298,2024-01-09,0.322,53.9,3.76,63.5,23.5
63,Delhi,28.8202,77.1132,2024-10-24,0.638,38.4,2.26,13.9,23.1
64,Chennai,13.1189,80.3301,2024-03-05,0.472,58.1,4.21,43.0,36.8
65,Bengaluru,13.0929,77.572,2024-11-30,0.416,52.0,2.78,51.0,21.0
66,Mumbai,18.9145,72.8764,2024-08-05,0.41,89.2,6.03,49.4,29.0
67,Bengaluru,12.7924,77.763,2024-01-02,0.655,61.9,3.58,34.6,18.0
68,Ahmedabad,22.9324,72.5676,2024-03-21,0.361,35.1,3.16,64.4,44.4
69,Chennai,13.0545,80.377,2024-09-28,0.662,82.1,6.57,25.6,24.4
70,Chennai,13.1636,80.1142,2024-04-25,0.437,63.1,4.95,52.3,36.9
71,Bengaluru,12.9643,77.6237,2024-04-09,0.468,36.7,2.65,45.5,32.3
72,Bengaluru,12.8068,77.421,2024-12-26,0.437,66.2,2.32,46.2,22.3
73,Bengaluru,12.8349,77.4315,2024-05-20,0.419,61.9,3.26,66.2,28.5
74,Delhi,28.7971,77.1731,2024-02-26,0.661,38.9,2.46,21.6,24.0
75,Ahmedabad,23.1779,72.6561,2024-04-12,0.355,23.0,4.01,55.3,39.8
76,Ahmedabad,23.0866,72.5951,2024-04-07,0.462,35.0,4.48,50.7,40.2
77,Delhi,28.8702,77.0901,2024-11-16,0.547,49.5,1.06,33.9,21.7
78,Ahmedabad,23.0369,72.6721,2024-02-09,0.521,37.9,3.41,16.9,28.2
79,Kolkata,22.6477,88.3544,2024-01-22,0.625,69.1,3.89,39.4,22.5
80,Delhi,28.7701,77.083,2024-04-09,0.492,37.4,3.95,33.2,36.7
81,Bengaluru,13.119,77.7232,2024-12-18,0.576,60.3,2.79,13.7,19.1
82,Mumbai,19.0664,73.0462,2024-03-08,0.367,66.8,4.97,68.3,39.8
83,Kolkata,22.608,88.4025,2024-03-31,0.278,58.8,2.4,90.1,40.6
84,Kolkata,22.5339,88.3567,2024-08-07,0.459,98.0,2.6,44.4,27.4
85,Ahmedabad,23.1813,72.4175,2024-07-13,0.265,49.5,3.03,89.5,38.3
86,Ahmedabad,23.0716,72.6457,2024-01-12,0.269,37.0,3.12,70.8,35.0
87,Chennai,13.1849,80.2638,2024-01-15,0.399,74.1,5.56,36.5,23.6
88,Bengaluru,13.0759,77.6517,2024-06-30,0.421,43.6,3.27,48.4,33.5
89,Bengaluru,13.0962,77.641,2024-09-25,0.678,67.8,4.18,26.2,22.8
90,Pune,18.4401,73.8899,2024-11-29,0.4,53.7,1.98,59.0,23.6
91,Mumbai,19.0418,72.9112,2024-07-30,0.651,86.1,3.1,12.0,27.6
92,Pune,18.5038,73.7617,2024-01-27,0.39,56.6,3.09,74.9,24.0
93,Hyderabad,17.423,78.4351,2024-07-13,0.288,64.4,3.25,70.6,33.3
94,Delhi,28.6869,77.2587,2024-04-25,0.315,40.4,1.94,44.4,37.7
95,Ahmedabad,22.8903,72.4431,2024-12-09,0.274,33.5,3.6,75.7,32.5
96,Pune,18.5458,73.6876,2024-12-05,0.266,51.5,3.31,81.9,28.6
97,Ahmedabad,23.1134,72.424,2024-04-15,0.305,32.6,3.91,67.6,38.1
98,Bengaluru,12.9085,77.5465,2024-05-24,0.607,45.2,3.99,21.5,31.7
99,Kolkata,22.5728,88.3792,2024-12-13,0.35,66.4,3.26,76.1,30.6
100,Delhi,28.5307,76.993,2024-01-03,0.359,45.7,1.16,53.2,27.5
101,Mumbai,19.1372,73.0324,2024-07-13,0.551,86.5,4.83,16.4,26.2
102,Pune,18.5957,73.7152,2024-07-26,0.331,73.3,4.49,72.8,28.7
103,Kolkata,22.6063,88.4696,2024-08-24,0.514,82.0,3.0,48.4,27.8
104,Hyderabad,17.2394,78.5313,2024-06-13,0.411,35.9,4.05,53.7,41.4
105,Chennai,12.9952,80.3182,2024-01-22,0.441,65.2,2.47,60.7,28.2
106,Ahmedabad,22.9412,72.42,2024-02-01,0.433,35.4,2.58,40.3,31.0
107,Bengaluru,12.8892,77.628,2024-09-05,0.517,74.5,3.39,13.4,19.1
108,Chennai,12.9375,80.2528,2024-10-02,0.426,71.6,6.03,65.4,27.5
109,Chennai,13.1863,80.402,2024-08-10,0.363,74.7,3.46,62.3,33.4
110,Chennai,13.1189,80.2763,2024-12-01,0.491,80.2,4.57,34.2,25.3
111,Mumbai,19.1907,72.8138,2024-01-09,0.339,70.7,3.51,41.8,24.8
112,Ahmedabad,23.1178,72.4543,2024-07-02,0.486,51.9,3.07,41.0,31.8
113,Bengaluru,13.1287,77.73,2024-04-11,0.305,43.9,2.81,55.5,33.4
114,Chennai,12.9235,80.3409,2024-12-25,0.387,63.2,2.59,57.6,28.5
115,Mumbai,19.1321,73.003,2024-09-21,0.628,85.0,4.35,11.0,24.2
116,Kolkata,22.4861,88.4576,2024-02-20,0.575,68.9,2.62,39.4,22.1
117,Mumbai,19.2073,72.7854,2024-08-25,0.579,88.1,4.31,27.8,26.9
118,Chennai,12.9165,80.4153,2024-06-17,0.398,62.2,4.12,41.2,40.1
119,Bengaluru,12.8088,77.4283,2024-09-29,0.652,82.6,4.2,4.3,16.5
120,Kolkata,22.6678,88.2793,2024-01-08,0.238,74.5,3.68,79.2,27.5
121,Hyderabad,17.5505,78.4789,2024-11-22,0.712,48.7,3.49,29.8,21.1
122,Hyderabad,17.339,78.4622,2024-06-09,0.355,48.2,3.49,46.7,38.3
123,Hyderabad,17.298,78.5025,2024-08-20,0.614,67.3,3.54,31.8,23.7
124,Bengaluru,12.8509,77.462,2024-09-21,0.335,79.8,3.33,69.3,25.6
125,Bengaluru,12.8254,77.6224,2024-11-16,0.273,51.5,3.14,66.8,24.9
126,Hyderabad,17.4048,78.5706,2024-08-12,0.432,59.8,2.86,32.1,26.5
127,Ahmedabad,23.0232,72.4363,2024-05-20,0.415,29.2,1.81,47.8,38.5
128,Pune,18.5136,73.9079,2024-01-24,0.418,52.0,2.72,61.4,25.1
129,Kolkata,22.6429,88.4524,2024-12-24,0.647,71.8,3.48,4.8,19.6
130,Kolkata,22.6239,88.3355,2024-08-20,0.206,83.6,1.24,73.6,31.9
131,Bengaluru,13.0437,77.6255,2024-08-02,0.34,74.8,3.11,32.7,25.2
132,Chennai,12.9317,80.3528,2024-06-30,0.6,68.0,3.99,29.9,33.9
133,Mumbai,18.9953,72.7969,2024-10-14,0.372,79.9,3.13,72.7,28.3
134,Delhi,28.6491,77.2464,2024-01-08,0.431,43.5,1.66,60.5,28.6
135,Ahmedabad,22.9643,72.5025,2024-12-11,0.584,26.3,3.37,35.7,31.1
136,Chennai,12.9321,80.2557,2024-06-25,0.518,73.0,4.05,42.3,33.2
137,Mumbai,19.0242,73.0498,2024-10-16,0.45,74.8,5.89,34.7,24.2
138,Hyderabad,17.2148,78.3302,2024-06-18,0.64,38.9,1.63,29.6,37.2
139,Mumbai,19.1687,72.7972,2024-04-24,0.544,57.1,5.17,34.9,34.7
140,Delhi,28.8782,76.9732,2024-03-14,0.583,43.6,2.73,23.9,32.3
141,Pune,18.3845,73.9378,2024-04-27,0.53,44.7,4.03,26.4,33.6
142,Kolkata,22.6483,88.2971,2024-06-20,0.221,56.5,1.92,92.5,42.3
143,Hyderabad,17.4713,78.3756,2024-08-12,0.391,63.0,3.61,52.9,28.9
144,Hyderabad,17.5063,78.4072,2024-08-22,0.512,66.2,3.55,42.1,30.3
145,Delhi,28.5454,77.2461,2024-08-25,0.261,51.1,3.81,67.6,33.0
146,Delhi,28.6762,76.9376,2024-09-27,0.613,54.5,3.38,29.1,27.6
147,Kolkata,22.4712,88.2272,2024-01-25,0.71,65.5,2.17,10.7,19.5
148,Mumbai,19.2028,72.9381,2024-08-04,0.427,90.4,3.56,51.3,31.2
149,Bengaluru,12.9807,77.4264,2024-11-13,0.657,62.3,4.25,28.1,17.4
150,Mumbai,18.9335,72.8361,2024-06-26,0.347,67.2,3.95,63.0,35.7
151,Chennai,13.2294,80.1767,2024-06-20,0.709,70.6,4.41,13.5,32.4
152,Hyderabad,17.327,78.5956,2024-07-27,0.493,60.3,4.23,35.3,28.5
153,Bengaluru,13.0348,77.4307,2024-06-13,0.298,38.7,3.72,82.9,36.9
154,Mumbai,19.1916,72.6983,2024-08-20,0.283,77.1,3.54,65.2,29.6
155,Mumbai,19.0939,73.0218,2024-05-27,0.207,75.1,3.97,89.1,39.5
156,Kolkata,22.436,88.5088,2024-01-25,0.371,68.7,2.73,53.5,24.5
157,Pune,18.5084,73.9707,2024-01-25,0.403,59.9,2.71,37.7,19.1
158,Mumbai,19.226,72.8529,2024-04-26,0.344,57.4,3.48,61.8,38.2
159,Bengaluru,12.9778,77.551,2024-01-03,0.573,66.4,2.14,28.6,18.3
160,Hyderabad,17.2556,78.4815,2024-01-11,0.451,61.3,3.73,43.2,25.0
161,Bengaluru,12.9249,77.5495,2024-06-22,0.728,46.5,2.51,30.4,27.6
162,Pune,18.499,73.7855,2024-04-04,0.558,32.7,3.39,39.6,29.9
163,Pune,18.6344,73.7513,2024-10-12,0.274,50.5,3.86,78.0,28.2
164,Pune,18.6875,74.0041,2024-09-20,0.396,70.7,3.79,63.4,28.2
165,Mumbai,19.1677,72.8748,2024-04-20,0.791,62.7,4.49,4.3,31.4
166,Mumbai,19.1939,72.9729,2024-07-28,0.292,89.1,6.41,72.2,33.4
167,Pune,18.6047,73.9512,2024-12-05,0.377,53.3,4.71,73.7,23.8
168,Delhi,28.8833,77.1662,2024-10-29,0.466,41.0,3.76,53.5,26.1
169,Mumbai,19.148,72.7353,2024-05-25,0.143,61.5,3.81,90.9,43.9
170,Kolkata,22.4107,88.2101,2024-05-27,0.261,60.8,1.11,75.8,38.4
171,Hyderabad,17.2839,78.3188,2024-03-19,0.292,46.7,3.48,76.4,43.0
172,Chennai,13.1597,80.3868,2024-10-20,0.282,67.9,3.46,67.1,29.8
173,Mumbai,19.0409,72.7347,2024-03-09,0.398,65.0,4.2,61.3,39.2
174,Hyderabad,17.5084,78.4195,2024-10-14,0.525,58.0,4.68,32.8,23.6
175,Ahmedabad,23.0858,72.4415,2024-04-02,0.451,18.1,3.12,44.1,40.2
176,Pune,18.5205,73.8325,2024-06-16,0.497,44.2,4.09,42.4,30.0
177,Delhi,28.7871,77.1557,2024-10-17,0.32,45.6,1.91,64.8,29.3
178,Delhi,28.6565,76.9434,2024-02-10,0.481,30.6,3.45,38.6,21.7
179,Kolkata,22.4886,88.4448,2024-11-16,0.536,72.6,1.34,22.5,18.6
180,Bengaluru,12.8872,77.4209,2024-04-17,0.402,48.1,3.03,56.8,34.7
181,Hyderabad,17.3098,78.3813,2024-02-25,0.539,59.5,5.15,41.5,26.6
182,Delhi,28.8707,76.9497,2024-05-13,0.303,27.4,1.43,75.8,41.2
183,Mumbai,19.1274,72.9892,2024-12-11,0.521,80.0,2.94,34.3,22.1
184,Chennai,12.9898,80.2709,2024-09-05,0.47,82.6,3.71,25.9,27.2
185,Kolkata,22.4318,88.4131,2024-06-30,0.585,65.6,3.21,17.2,32.4
186,Bengaluru,13.1313,77.7602,2024-07-09,0.383,79.3,3.01,74.9,27.3
187,Kolkata,22.7005,88.401,2024-10-31,0.333,64.8,1.98,67.5,29.8
188,Delhi,28.5346,77.0956,2024-08-29,0.291,60.5,3.91,66.2,29.0
189,Delhi,28.5449,77.0825,2024-04-10,0.205,38.8,2.92,94.7,41.3
190,Hyderabad,17.5472,78.5161,2024-06-08,0.701,39.7,2.99,20.4,28.8
191,Mumbai,18.9696,72.7896,2024-04-17,0.601,60.6,5.37,9.6,33.2
192,Ahmedabad,23.0782,72.446,2024-11-15,0.434,36.3,2.16,41.2,27.3
193,Delhi,28.8419,76.9412,2024-03-10,0.599,33.2,2.54,10.6,30.4
194,Pune,18.6308,74.0312,2024-10-02,0.558,53.3,4.08,33.7,20.8
195,Chennai,13.0762,80.2209,2024-12-12,0.326,67.4,3.61,67.4,29.1
196,Pune,18.5066,74.0083,2024-09-10,0.315,74.7,3.81,75.2,32.8
197,Pune,18.5382,73.789,2024-06-25,0.512,55.1,3.83,36.6,34.8
198,Ahmedabad,22.8611,72.5731,2024-09-19,0.454,46.4,3.51,32.4,33.6
199,Bengaluru,12.8171,77.5272,2024-12-07,0.632,63.3,2.71,14.6,16.6
200,Kolkata,22.5129,88.4477,2024-05-27,0.254,61.5,2.63,78.5,38.0
201,Kolkata,22.6567,88.2257,2024-10-12,0.429,73.0,1.38,54.8,27.2
202,Mumbai,19.0482,72.8224,2024-05-25,0.636,64.0,4.46,15.5,31.2
203,Kolkata,22.6431,88.3488,2024-02-03,0.694,81.9,1.26,14.7,20.8
204,Chennai,13.2145,80.4315,2024-02-08,0.482,79.0,3.78,53.7,25.0
205,Mumbai,19.2331,72.8928,2024-12-08,0.486,75.8,5.01,60.9,24.3
206,Bengaluru,13.1208,77.5708,2024-04-04,0.475,46.3,3.22,52.0,32.6
207,Pune,18.351,73.8048,2024-01-06,0.162,62.2,4.09,75.4,24.7
208,Pune,18.6367,74.0125,2024-07-17,0.479,69.3,4.47,49.7,28.4
209,Hyderabad,17.5165,78.6362,2024-11-09,0.539,51.8,3.46,70.6,25.0
210,Chennai,13.1996,80.196,2024-06-11,0.531,57.1,5.63,35.6,31.6
211,Hyderabad,17.5376,78.347,2024-07-07,0.432,72.6,1.75,48.4,31.7
212,Bengaluru,12.919,77.7129,2024-10-15,0.463,59.1,3.09,41.5,23.8
213,Kolkata,22.5804,88.4699,2024-11-18,0.562,69.2,2.41,46.5,20.0
214,Bengaluru,12.8511,77.4153,2024-09-19,0.514,67.6,1.68,36.9,25.5
215,Pune,18.4281,73.773,2024-05-02,0.399,51.8,2.84,45.1,36.1
216,Chennai,13.051,80.4041,2024-08-18,0.496,84.7,4.87,26.7,27.4
217,Pune,18.6187,74.0192,2024-10-10,0.689,60.5,4.47,13.0,20.1
218,Ahmedabad,23.1435,72.6871,2024-11-03,0.572,41.5,3.04,24.3,24.9
219,Ahmedabad,22.8481,72.4925,2024-03-16,0.287,28.2,3.27,74.2,40.6
220,Mumbai,19.255,72.899,2024-04-27,0.547,68.0,5.02,40.6,31.5
221,Hyderabad,17.3394,78.5342,2024-02-04,0.782,42.7,3.98,5.5,17.8
222,Delhi,28.5853,76.9927,2024-11-20,0.639,52.1,2.67,36.4,22.5
223,Bengaluru,13.0482,77.5536,2024-08-02,0.411,69.6,3.4,51.3,23.8
224,Hyderabad,17.3029,78.5559,2024-04-06,0.505,36.2,3.99,42.6,36.8
225,Pune,18.6362,73.8428,2024-12-24,0.51,51.3,4.46,29.4,22.7
226,Ahmedabad,22.9588,72.7147,2024-11-20,0.628,39.6,3.51,30.0,25.7
227,Bengaluru,12.9593,77.6202,2024-04-20,0.465,54.7,2.22,46.9,30.3
228,Ahmedabad,23.0655,72.5942,2024-08-15,0.359,59.9,3.54,52.3,32.4
229,Ahmedabad,22.979,72.5251,2024-08-13,0.516,51.2,4.08,43.8,32.1
230,Pune,18.5891,73.9277,2024-08-24,0.265,72.2,2.89,83.0,29.5
231,Mumbai,19.1427,72.7067,2024-03-03,0.47,64.3,5.26,51.8,36.4
232,Kolkata,22.6025,88.3973,2024-05-09,0.297,58.1,3.26,63.8,36.3
233,Pune,18.5864,73.8119,2024-10-19,0.465,53.3,3.71,31.7,22.5
234,Mumbai,18.9201,73.0488,2024-10-25,0.306,76.9,2.93,69.2,28.9
235,Mumbai,19.0538,72.8885,2024-12-25,0.381,68.2,5.37,52.7,22.8
236,Mumbai,18.9718,72.9889,2024-02-23,0.49,83.9,4.74,29.4,22.6
237,Ahmedabad,22.9518,72.5036,2024-01-02,0.569,39.2,1.94,28.3,24.5
238,Chennai,13.1429,80.3704,2024-11-10,0.38,70.1,5.52,52.5,27.9
239,Pune,18.3825,73.9646,2024-02-14,0.536,57.6,3.54,48.0,23.8
240,Ahmedabad,22.9765,72.6296,2024-02-21,0.328,35.9,2.88,61.0,31.2
241,Hyderabad,17.4878,78.3977,2024-12-08,0.477,42.0,5.5,43.5,28.0
242,Mumbai,18.8962,73.0111,2024-10-16,0.356,75.5,3.72,72.8,27.5
243,Delhi,28.7365,76.9248,2024-10-08,0.664,41.6,4.61,27.2,22.6
244,Kolkata,22.4662,88.3064,2024-07-05,0.487,98.0,2.48,15.1,25.7
245,Delhi,28.7954,77.0001,2024-05-02,0.464,33.3,1.68,45.4,37.2
246,Chennai,13.1466,80.2944,2024-12-05,0.344,65.6,4.54,71.0,26.6
247,Delhi,28.5933,77.0289,2024-08-14,0.368,65.2,1.9,66.4,28.9
248,Delhi,28.6364,77.0449,2024-01-29,0.333,38.9,2.89,74.5,27.0
249,Ahmedabad,22.9654,72.553,2024-11-29,0.627,40.4,2.89,13.7,24.3
250,Pune,18.4853,73.9952,2024-11-22,0.568,46.0,3.84,16.1,23.9
251,Kolkata,22.6382,88.5259,2024-02-20,0.623,75.8,2.84,5.8,22.3
252,Ahmedabad,23.1659,72.5352,2024-04-29,0.56,33.8,3.18,45.8,35.8
253,Mumbai,18.9763,73.012,2024-10-15,0.233,76.6,4.32,75.5,29.2
254,Kolkata,22.4741,88.4049,2024-04-02,0.511,58.5,1.63,49.9,35.2
255,Hyderabad,17.5055,78.4357,2024-11-29,0.218,43.1,2.97,76.0,29.7
256,Chennai,12.9145,80.2619,2024-05-28,0.403,61.0,4.58,43.0,35.5
257,Mumbai,19.1456,72.9311,2024-03-25,0.405,70.4,4.57,53.6,39.8
258,Ahmedabad,23.0794,72.4166,2024-05-24,0.551,19.1,3.5,29.4,35.7
259,Ahmedabad,23.0098,72.5281,2024-04-25,0.512,23.5,3.34,47.4,37.7
260,Kolkata,22.483,88.4878,2024-06-25,0.667,63.4,1.99,8.0,32.7
261,Kolkata,22.688,88.3425,2024-02-18,0.085,70.7,3.28,93.0,31.5
262,Hyderabad,17.2627,78.3682,2024-06-01,0.313,47.5,4.62,67.5,39.7
263,Delhi,28.823,77.2639,2024-04-21,0.362,32.7,3.32,45.0,34.0
264,Chennai,13.1145,80.2339,2024-12-21,0.551,66.2,4.16,25.9,25.9
265,Hyderabad,17.2848,78.421,2024-04-04,0.441,32.5,2.13,42.0,36.4
266,Bengaluru,12.9508,77.535,2024-05-24,0.504,42.9,2.29,45.9,30.3
267,Ahmedabad,22.9042,72.6892,2024-08-01,0.441,57.9,2.44,35.0,31.0
268,Mumbai,19.1383,72.9945,2024-05-24,0.319,67.6,5.28,79.9,39.0
269,Delhi,28.8788,77.199,2024-06-07,0.586,28.6,2.33,23.3,34.3
270,Mumbai,18.9104,73.0181,2024-12-28,0.264,73.8,4.71,73.8,29.4
271,Hyderabad,17.5448,78.5824,2024-01-02,0.545,54.4,2.16,25.6,20.2
272,Kolkata,22.4398,88.4021,2024-11-06,0.429,73.1,2.58,49.8,22.9
273,Mumbai,19.0698,72.9776,2024-09-02,0.506,84.2,4.68,52.1,29.6
274,Kolkata,22.425,88.4002,2024-05-04,0.4,62.8,2.8,67.6,40.5
275,Mumbai,19.1172,72.9069,2024-04-02,0.227,58.9,4.09,80.5,41.7
276,Bengaluru,12.8288,77.5593,2024-09-23,0.808,71.2,2.82,1.2,20.4
277,Kolkata,22.685,88.3222,2024-08-31,0.174,79.3,2.26,93.4,33.4
278,Bengaluru,12.9017,77.5596,2024-09-02,0.383,75.1,3.81,62.0,27.4
279,Kolkata,22.7507,88.2172,2024-10-11,0.523,76.5,1.31,33.6,21.4
280,Pune,18.5512,73.8716,2024-02-01,0.249,56.6,3.35,84.3,24.5
281,Chennai,12.9581,80.4424,2024-07-17,0.681,90.5,4.76,15.8,24.3
282,Bengaluru,13.0675,77.6674,2024-04-30,0.287,42.0,2.71,77.2,37.2
283,Kolkata,22.5606,88.2115,2024-03-01,0.337,70.6,1.7,56.3,31.6
284,Hyderabad,17.5436,78.5403,2024-12-14,0.439,46.1,3.67,45.2,23.8
285,Delhi,28.7755,76.9999,2024-01-16,0.468,45.6,2.44,54.0,25.1
286,Bengaluru,12.8432,77.4691,2024-06-06,0.426,45.0,2.21,64.0,35.5
287,Pune,18.5847,73.793,2024-12-26,0.392,57.5,4.2,63.0,23.3
288,Mumbai,19.1892,72.7986,2024-02-18,0.389,73.7,3.89,41.5,24.9
289,Chennai,13.0615,80.1625,2024-04-06,0.605,57.4,3.92,18.4,33.9
290,Hyderabad,17.4108,78.3732,2024-01-22,0.54,53.1,2.87,16.4,22.7
291,Pune,18.5557,73.8153,2024-11-08,0.462,56.3,3.7,45.1,24.5
292,Hyderabad,17.4058,78.6522,2024-01-18,0.223,43.4,3.0,80.3,29.1
293,Chennai,13.1751,80.3357,2024-03-01,0.303,57.6,5.46,85.7,37.6
294,Mumbai,19.0167,72.7614,2024-02-05,0.664,80.5,3.27,17.1,26.8
295,Pune,18.6218,73.834,2024-08-17,0.382,70.3,3.96,86.1,32.7
296,Ahmedabad,23.1302,72.5117,2024-09-23,0.378,55.5,4.25,49.3,29.1
297,Bengaluru,13.0143,77.6193,2024-01-22,0.403,57.0,3.93,33.5,19.3
298,Delhi,28.6747,77.0513,2024-08-04,0.257,50.3,1.06,94.4,36.0
299,Hyderabad,17.4731,78.4552,2024-03-12,0.425,39.3,3.01,57.7,37.9
300,Delhi,28.7346,77.2614,2024-03-04,0.274,27.1,2.58,91.2,42.8
301,Chennai,13.1284,80.3817,2024-08-11,0.337,77.6,2.14,61.1,33.9
302,Kolkata,22.6142,88.2133,2024-02-02,0.12,75.1,3.01,84.5,31.7
303,Chennai,13.2216,80.3845,2024-01-07,0.518,65.6,2.78,47.8,28.4
304,Hyderabad,17.4786,78.4192,2024-05-29,0.465,47.9,4.15,48.7,35.1
305,Hyderabad,17.2707,78.6542,2024-06-05,0.312,36.7,4.64,64.8,40.0
306,Kolkata,22.6746,88.5112,2024-05-15,0.183,60.9,2.45,78.6,40.1
307,Mumbai,19.0708,72.8942,2024-12-04,0.585,72.9,5.11,34.0,23.4
308,Mumbai,19.1849,73.0078,2024-02-20,0.654,76.8,4.14,18.6,23.7
309,Pune,18.3699,73.9096,2024-08-16,0.634,73.8,1.93,26.7,24.1
310,Ahmedabad,23.1408,72.69,2024-09-15,0.685,55.2,3.51,23.1,28.2
311,Pune,18.3659,73.8026,2024-11-10,0.487,55.8,3.64,44.4,19.6
312,Chennai,13.0613,80.4075,2024-07-03,0.39,74.9,5.55,55.6,32.9
313,Delhi,28.8463,77.2297,2024-09-02,0.534,59.7,2.32,38.6,28.0
314,Hyderabad,17.3557,78.3858,2024-01-01,0.642,51.1,3.2,9.9,20.4
315,Delhi,28.792,77.1785,2024-03-26,0.431,34.8,2.93,40.0,39.5
316,Delhi,28.7673,77.1057,2024-11-10,0.496,39.6,1.28,38.3,26.9
317,Kolkata,22.7018,88.3012,2024-12-14,0.331,62.8,0.72,69.0,26.9
318,Hyderabad,17.5482,78.3284,2024-04-18,0.275,37.7,4.25,80.2,40.7
319,Mumbai,19.0544,72.8715,2024-03-18,0.501,66.4,5.86,40.6,35.0
320,Chennai,13.0144,80.2719,2024-10-17,0.273,68.3,3.8,78.3,31.1
321,Pune,18.5923,73.9838,2024-02-12,0.59,61.3,3.49,24.3,22.8
322,Hyderabad,17.5427,78.6371,2024-11-19,0.127,47.6,2.69,88.9,34.4
323,Kolkata,22.4797,88.3373,2024-12-19,0.642,69.3,3.18,43.7,20.6
324,Pune,18.38,73.9948,2024-05-05,0.661,38.5,2.42,8.3,29.9
325,Bengaluru,13.0972,77.5576,2024-03-30,0.718,46.3,1.62,19.8,29.2
326,Hyderabad,17.2754,78.3665,2024-11-30,0.486,53.0,3.46,38.8,22.3
327,Delhi,28.5555,77.098,2024-09-09,0.261,62.3,1.72,85.0,33.4
328,Ahmedabad,23.1283,72.7302,2024-08-15,0.311,53.1,4.77,68.9,34.5
329,Ahmedabad,23.0154,72.6296,2024-03-20,0.284,18.6,3.65,71.6,42.7
330,Hyderabad,17.5283,78.4957,2024-09-15,0.376,59.9,3.37,45.0,30.1
331,Mumbai,19.1483,73.0057,2024-06-01,0.194,68.2,5.21,90.5,38.6
332,Ahmedabad,23.1501,72.5138,2024-11-13,0.378,42.3,4.78,43.5,25.0
333,Hyderabad,17.3915,78.576,2024-11-01,0.195,58.4,3.2,79.7,31.4
334,Pune,18.5321,73.8799,2024-08-07,0.467,70.3,2.58,45.0,27.0
335,Hyderabad,17.3518,78.4074,2024-02-19,0.337,53.6,3.62,82.1,30.2
336,Kolkata,22.7284,88.5161,2024-07-02,0.477,90.3,1.78,61.8,28.6
337,Ahmedabad,22.9639,72.4561,2024-04-12,0.416,25.8,2.73,48.5,41.4
338,Chennai,13.1104,80.1336,2024-01-14,0.296,70.2,5.43,72.4,30.0
339,Kolkata,22.5187,88.4061,2024-11-18,0.608,75.5,1.87,24.9,19.8
340,Delhi,28.6256,77.037,2024-12-03,0.551,41.6,3.37,40.4,26.5
341,Mumbai,19.2222,72.9653,2024-07-13,0.531,93.5,3.26,27.0,28.2
342,Mumbai,19.1205,72.745,2024-04-23,0.451,74.8,4.93,44.4,31.9
343,Bengaluru,13.15,77.5767,2024-04-02,0.328,47.9,2.91,49.3,31.8
344,Bengaluru,13.1204,77.5543,2024-10-29,0.733,59.7,3.59,12.6,14.0
345,Kolkata,22.5043,88.3276,2024-03-29,0.383,67.3,2.79,69.9,38.5
346,Hyderabad,17.3224,78.5789,2024-05-23,0.503,40.2,2.27,22.0,33.1
347,Delhi,28.8357,77.1303,2024-09-03,0.224,53.4,4.04,89.0,32.1
348,Ahmedabad,22.994,72.5721,2024-11-28,0.45,38.4,2.63,51.2,30.4
349,Hyderabad,17.5639,78.4604,2024-02-10,0.471,56.5,3.32,36.3,19.5
350,Bengaluru,13.1004,77.5244,2024-03-11,0.608,46.3,1.8,24.8,27.4
351,Bengaluru,12.9537,77.5063,2024-05-08,0.422,47.3,1.24,59.6,34.1
352,Chennai,12.9065,80.365,2024-11-22,0.472,71.4,4.61,23.9,21.4
353,Mumbai,18.9906,72.8677,2024-04-28,0.602,75.0,4.16,24.4,34.2
354,Mumbai,19.0099,72.729,2024-04-20,0.543,69.3,4.97,32.3,38.7
355,Hyderabad,17.2817,78.6189,2024-12-14,0.468,52.0,2.99,41.6,23.4
356,Kolkata,22.6706,88.2453,2024-05-20,0.518,66.3,2.17,33.8,32.1
357,Hyderabad,17.29,78.3584,2024-03-08,0.507,39.4,3.75,31.3,34.8
358,Chennai,13.0366,80.124,2024-06-16,0.262,62.9,4.39,64.0,39.6
359,Kolkata,22.4886,88.2269,2024-03-25,0.676,67.2,4.2,9.7,28.5
360,Mumbai,19.25,72.7847,2024-09-05,0.271,85.6,4.9,79.7,33.2
361,Delhi,28.8617,77.1663,2024-02-13,0.345,38.5,3.5,60.4,26.8
362,Hyderabad,17.2833,78.4387,2024-05-22,0.168,45.1,3.41,84.4,43.7
363,Hyderabad,17.2708,78.3904,2024-08-20,0.342,71.8,5.4,62.8,29.8
364,Kolkata,22.5972,88.2828,2024-06-22,0.725,56.5,2.68,11.5,30.1
365,Hyderabad,17.224,78.4673,2024-07-21,0.541,67.1,4.07,12.8,24.4
366,Ahmedabad,23.0503,72.6241,2024-06-16,0.367,18.9,3.22,51.1,42.3
367,Hyderabad,17.2422,78.5173,2024-06-27,0.409,44.2,4.32,63.8,39.9
368,Chennai,12.9954,80.1395,2024-04-04,0.699,62.3,5.0,13.5,29.9
369,Mumbai,19.063,72.9818,2024-08-08,0.176,95.9,4.62,76.9,37.4
370,Mumbai,19.2497,73.026,2024-06-09,0.421,57.4,2.06,73.9,37.2
371,Mumbai,19.0393,73.033,2024-05-03,0.478,67.4,4.26,50.6,39.9
372,Ahmedabad,22.8568,72.6066,2024-11-13,0.556,36.8,1.85,21.5,28.2
373,Ahmedabad,22.9627,72.4829,2024-08-18,0.772,63.9,3.98,6.8,25.3
374,Mumbai,18.9638,72.764,2024-01-21,0.308,72.2,3.14,63.8,26.0
375,Chennai,13.0614,80.1844,2024-11-02,0.315,74.8,3.16,81.7,30.1
376,Chennai,12.969,80.1287,2024-10-23,0.529,74.2,4.45,39.1,26.5
377,Hyderabad,17.3605,78.3186,2024-12-14,0.541,52.9,3.33,15.4,20.8
378,Delhi,28.7566,77.0063,2024-02-27,0.317,40.2,1.49,47.0,25.4
379,Delhi,28.6173,77.2388,2024-03-12,0.308,30.3,1.45,53.0,39.5
380,Kolkata,22.4261,88.2357,2024-02-08,0.411,80.6,1.49,42.5,27.0
381,Ahmedabad,22.8622,72.3978,2024-02-07,0.285,44.6,2.74,61.9,28.9
382,Delhi,28.8116,76.961,2024-10-11,0.112,42.1,3.1,81.5,32.2
383,Hyderabad,17.3027,78.308,2024-02-29,0.366,46.5,3.28,73.7,28.7
384,Chennai,12.9998,80.3858,2024-12-30,0.609,66.9,3.36,19.4,21.7
385,Delhi,28.5975,77.0163,2024-02-03,0.56,44.6,1.96,31.0,24.5
386,Ahmedabad,23.0213,72.6949,2024-06-11,0.392,32.9,1.19,39.9,40.7
387,Kolkata,22.7018,88.308,2024-05-22,0.434,64.1,2.69,46.8,35.6
388,Kolkata,22.4687,88.4489,2024-04-26,0.444,54.3,4.68,41.4,34.5
389,Pune,18.6091,73.7291,2024-11-16,0.296,58.9,2.81,60.2,26.4
390,Mumbai,19.1369,72.859,2024-06-27,0.379,68.1,4.47,61.0,35.7
391,Ahmedabad,23.0564,72.6503,2024-08-13,0.381,50.0,3.53,73.7,33.1
392,Ahmedabad,22.8782,72.6157,2024-06-12,0.399,27.3,0.73,53.4,40.7
393,Hyderabad,17.4624,78.4614,2024-04-21,0.383,40.8,3.0,57.9,40.2
394,Ahmedabad,23.1982,72.5316,2024-09-24,0.239,49.2,3.26,63.6,37.1
395,Chennai,13.2556,80.3247,2024-09-27,0.459,81.3,2.96,54.8,30.7
396,Chennai,13.2398,80.3879,2024-10-15,0.331,72.9,2.87,66.6,30.4
397,Bengaluru,13.1454,77.6077,2024-07-02,0.309,77.9,3.36,64.2,24.5
398,Hyderabad,17.4805,78.4814,2024-02-24,0.294,42.4,3.12,77.8,28.9
399,Pune,18.3834,73.9007,2024-12-07,0.555,53.6,2.64,31.4,20.3
400,Ahmedabad,23.1574,72.4378,2024-09-19,0.383,56.7,2.16,66.9,33.2
401,Mumbai,19.0001,72.8602,2024-02-12,0.133,85.6,4.99,96.3,29.8
402,Chennai,13.0792,80.3955,2024-10-30,0.226,58.4,3.69,90.3,31.2
403,Bengaluru,12.8299,77.6948,2024-03-03,0.48,49.3,1.81,49.4,30.2
404,Ahmedabad,22.9301,72.5562,2024-10-04,0.606,36.0,3.51,14.6,23.2
405,Kolkata,22.4587,88.4794,2024-06-05,0.225,59.2,1.56,86.8,37.9
406,Mumbai,19.0921,72.7948,2024-09-13,0.296,95.2,4.86,74.9,29.6
407,Mumbai,19.1077,72.9378,2024-03-14,0.646,53.6,6.6,28.6,35.3
408,Kolkata,22.577,88.3594,2024-08-16,0.631,87.6,2.93,26.8,25.4
409,Bengaluru,13.1115,77.4368,2024-06-13,0.358,44.9,2.58,39.8,30.9
410,Chennai,13.0175,80.3044,2024-03-17,0.436,68.4,5.21,56.4,34.4
411,Hyderabad,17.5364,78.3404,2024-12-14,0.214,43.3,3.76,89.1,33.4
412,Ahmedabad,23.0212,72.4358,2024-05-26,0.394,32.5,2.72,44.0,37.6
413,Kolkata,22.5291,88.2009,2024-03-05,0.549,58.0,2.28,33.5,34.8
414,Ahmedabad,23.1546,72.7132,2024-12-01,0.471,41.9,3.03,50.9,26.0
415,Pune,18.4438,73.7947,2024-02-12,0.6,39.0,3.37,44.0,20.0
416,Ahmedabad,23.0228,72.7447,2024-02-05,0.47,43.0,2.38,64.3,27.4
417,Pune,18.6462,73.8715,2024-10-20,0.191,48.7,4.33,80.9,26.4
418,Chennai,13.2453,80.2058,2024-11-12,0.308,56.7,3.45,62.3,32.6
419,Kolkata,22.574,88.1888,2024-05-12,0.454,63.9,1.01,32.7,35.9
420,Bengaluru,12.8021,77.6371,2024-07-04,0.551,84.5,3.68,37.8,21.5
421,Ahmedabad,22.9917,72.6659,2024-11-24,0.439,38.3,2.15,45.6,30.8
422,Ahmedabad,22.8451,72.578,2024-01-14,0.444,43.3,1.7,41.9,28.5
423,Bengaluru,13.0182,77.5071,2024-10-19,0.737,60.1,3.57,18.8,17.2
424,Chennai,13.223,80.3069,2024-07-12,0.249,74.2,3.7,87.3,32.0
425,Delhi,28.7523,76.9731,2024-06-10,0.364,41.2,2.73,65.9,39.1
426,Ahmedabad,22.961,72.5047,2024-07-05,0.166,42.6,3.14,72.5,38.6
427,Ahmedabad,22.9395,72.7109,2024-02-20,0.247,38.1,2.23,65.5,32.4
428,Hyderabad,17.3905,78.5856,2024-07-24,0.359,69.5,3.09,73.8,33.4
429,Pune,18.4441,73.8941,2024-01-19,0.295,43.7,5.08,82.1,25.2
430,Bengaluru,12.9853,77.44,2024-12-06,0.486,63.2,3.0,40.8,19.7
431,Bengaluru,13.0535,77.6414,2024-05-11,0.366,49.4,3.03,54.8,32.1
432,Pune,18.4188,74.0245,2024-02-17,0.269,48.2,3.54,74.5,26.4
433,Pune,18.466,74.009,2024-03-16,0.426,44.5,3.98,59.6,36.8
434,Pune,18.3644,74.0362,2024-01-10,0.579,48.6,3.47,34.0,24.0
435,Delhi,28.7485,77.2719,2024-07-23,0.61,51.5,1.91,16.9,24.1
436,Hyderabad,17.4617,78.4386,2024-01-20,0.348,50.2,3.66,59.2,31.4
437,Bengaluru,12.9144,77.6837,2024-07-19,0.461,68.8,4.8,52.8,24.5
438,Chennai,13.1689,80.1219,2024-09-01,0.609,88.2,3.58,24.4,26.0
439,Mumbai,19.1729,73.0224,2024-06-11,0.199,69.5,4.45,82.1,39.6
440,Bengaluru,12.8047,77.4513,2024-09-22,0.487,66.4,2.41,75.5,26.5
441,Mumbai,18.9216,72.8221,2024-09-28,0.52,88.2,3.84,61.5,27.2
442,Chennai,13.175,80.3766,2024-06-29,0.296,60.2,3.43,68.3,41.2
443,Chennai,13.0903,80.1446,2024-01-24,0.242,68.7,3.75,76.9,32.2
444,Hyderabad,17.2519,78.4311,2024-10-21,0.553,49.9,2.97,14.4,23.0
445,Bengaluru,12.9822,77.5589,2024-04-18,0.419,37.8,2.11,50.1,35.7
446,Bengaluru,13.0828,77.5207,2024-07-27,0.659,72.3,2.75,17.2,22.9
447,Delhi,28.5286,76.9779,2024-09-14,0.53,62.7,2.89,37.2,26.3
448,Delhi,28.8601,77.0466,2024-02-28,0.548,41.7,2.14,32.1,21.6
449,Pune,18.4031,74.0233,2024-03-05,0.344,56.8,4.95,56.9,36.4
450,Ahmedabad,22.9607,72.432,2024-11-13,0.42,33.9,1.16,40.9,26.8
451,Bengaluru,12.9356,77.6948,2024-12-09,0.303,53.5,3.61,67.5,24.7
452,Chennai,12.9233,80.1305,2024-03-21,0.521,63.5,3.34,53.5,37.0
453,Bengaluru,12.8113,77.6074,2024-12-07,0.286,55.5,2.81,84.2,25.3
454,Mumbai,19.2267,73.0232,2024-02-27,0.205,71.5,4.45,73.2,28.6
455,Hyderabad,17.2436,78.4896,2024-09-25,0.438,63.7,2.66,44.6,30.4
456,Chennai,13.1108,80.4356,2024-07-02,0.381,87.7,3.31,71.9,32.0
457,Hyderabad,17.232,78.4995,2024-11-07,0.603,42.4,4.57,35.0,22.9
458,Hyderabad,17.5276,78.5971,2024-01-02,0.284,50.6,2.51,84.7,29.9
459,Bengaluru,12.8167,77.4356,2024-12-04,0.496,57.5,3.08,62.9,23.1
460,Mumbai,19.1176,72.7119,2024-05-27,0.366,57.8,4.13,57.7,38.4
461,Kolkata,22.5026,88.3974,2024-07-15,0.29,81.1,1.66,83.2,31.1
462,Delhi,28.7679,77.1754,2024-12-14,0.284,38.9,3.47,86.9,29.7
463,Mumbai,18.9232,72.9054,2024-08-22,0.086,85.6,6.08,94.2,34.8
464,Hyderabad,17.5083,78.4159,2024-06-05,0.279,42.8,3.88,74.3,39.8
465,Pune,18.4255,73.9148,2024-05-23,0.428,41.5,4.24,44.8,35.3
466,Delhi,28.8357,77.0094,2024-01-29,0.489,41.0,2.36,55.5,24.0
467,Mumbai,19.125,72.8612,2024-11-11,0.341,76.5,4.31,73.1,31.1
468,Kolkata,22.4665,88.3592,2024-11-16,0.25,76.7,2.25,80.7,31.7
469,Kolkata,22.6208,88.3459,2024-05-03,0.369,58.3,2.58,60.7,36.0
470,Bengaluru,12.9659,77.6479,2024-01-07,0.662,65.0,1.47,16.1,18.4
471,Ahmedabad,22.9583,72.7508,2024-12-29,0.644,33.1,3.77,38.1,25.9
472,Bengaluru,12.9778,77.7415,2024-10-20,0.6,57.9,2.98,21.9,14.9
473,Delhi,28.7949,77.2507,2024-07-21,0.703,59.6,2.91,17.2,27.0
474,Ahmedabad,22.9214,72.5509,2024-08-13,0.312,36.6,4.22,76.9,38.1
475,Chennai,12.9279,80.4019,2024-07-01,0.617,92.0,3.66,11.2,24.2
476,Bengaluru,13.1486,77.692,2024-03-17,0.58,46.7,3.64,32.8,29.8
477,Chennai,13.2319,80.1314,2024-10-03,0.502,78.6,3.79,47.1,27.5
478,Bengaluru,12.8826,77.561,2024-05-19,0.483,55.4,3.14,55.1,33.7
479,Delhi,28.7216,77.2729,2024-06-09,0.374,29.2,3.17,68.9,38.6
480,Mumbai,19.0664,72.9184,2024-11-13,0.356,74.0,4.66,73.1,27.9
481,Bengaluru,12.9501,77.7146,2024-12-05,0.677,54.8,1.23,21.4,15.8
482,Chennai,13.0182,80.4377,2024-08-22,0.633,92.9,2.96,30.6,26.1
483,Kolkata,22.701,88.5179,2024-12-12,0.543,71.5,1.47,41.3,25.9
484,Chennai,13.1329,80.1372,2024-06-06,0.569,66.9,3.21,26.3,31.6
485,Kolkata,22.6333,88.534,2024-08-09,0.562,83.7,3.4,34.1,26.4
486,Pune,18.4085,73.8832,2024-03-19,0.743,45.1,4.29,6.3,30.2
487,Mumbai,19.1947,72.8236,2024-06-04,0.405,57.8,4.87,57.0,34.2
488,Pune,18.6555,73.9303,2024-06-14,0.75,54.9,3.86,8.2,27.2
489,Hyderabad,17.2997,78.3656,2024-05-12,0.719,47.9,3.82,22.6,31.2
490,Delhi,28.6272,77.0751,2024-08-25,0.675,65.3,3.46,11.5,24.8
491,Kolkata,22.5742,88.3945,2024-07-06,0.652,88.1,1.88,21.3,23.9
492,Ahmedabad,23.0996,72.462,2024-09-08,0.745,58.6,2.96,10.6,24.1
493,Bengaluru,12.947,77.7089,2024-11-03,0.469,64.1,3.22,49.0,20.4
494,Pune,18.5335,73.8341,2024-04-07,0.607,47.7,2.34,28.2,29.9
495,Bengaluru,13.1043,77.715,2024-10-31,0.515,57.9,3.04,45.0,19.7
496,Bengaluru,12.9524,77.5381,2024-02-20,0.305,58.1,2.54,86.7,24.0
497,Bengaluru,12.8529,77.5124,2024-03-18,0.114,48.9,1.7,96.8,40.3
498,Ahmedabad,23.0609,72.7264,2024-11-01,0.35,29.6,2.87,72.7,33.1
499,Hyderabad,17.4418,78.652,2024-12-05,0.383,49.9,2.98,71.4,28.4
500,Ahmedabad,23.095,72.6755,2024-05-08,0.368,30.1,3.57,52.1,41.1
501,Delhi,28.7303,77.1027,2024-11-08,0.449,46.4,2.06,29.3,22.1
502,Delhi,28.8553,76.9424,2024-10-26,0.604,37.9,3.21,23.5,21.2
503,Mumbai,19.1603,72.8313,2024-09-19,0.608,98.0,4.68,6.2,24.6
504,Ahmedabad,22.8467,72.7505,2024-04-12,0.395,19.6,2.05,61.6,41.7
505,Delhi,28.6306,77.2423,2024-11-02,0.541,34.8,2.98,37.7,23.7
506,Hyderabad,17.3898,78.5409,2024-11-20,0.57,53.9,2.8,24.4,23.5
507,Kolkata,22.7144,88.5347,2024-01-17,0.555,72.3,3.81,41.1,23.0
508,Hyderabad,17.4762,78.5646,2024-09-01,0.275,62.6,4.4,60.5,33.1
509,Ahmedabad,22.992,72.6668,2024-03-04,0.393,29.3,4.44,44.0,41.4
510,Delhi,28.5578,77.199,2024-09-29,0.465,63.7,1.8,34.0,29.0
511,Mumbai,19.1521,72.7337,2024-01-13,0.544,69.6,5.06,22.1,20.4
512,Pune,18.6839,73.7571,2024-12-02,0.354,54.9,3.52,61.2,25.6
513,Ahmedabad,22.9072,72.7369,2024-05-20,0.61,29.0,3.45,24.8,35.3
514,Delhi,28.6909,77.1383,2024-03-03,0.476,30.3,2.04,23.5,37.0
515,Bengaluru,13.0086,77.616,2024-01-06,0.373,63.9,3.96,43.7,19.0
516,Bengaluru,12.9084,77.5349,2024-01-10,0.517,64.4,3.49,34.8,18.3
517,Bengaluru,13.036,77.5557,2024-04-06,0.733,48.0,2.11,21.6,28.2
518,Pune,18.5994,73.9843,2024-04-03,0.444,45.8,2.42,24.2,27.3
519,Chennai,13.1031,80.3984,2024-12-05,0.395,67.0,2.97,56.5,27.5
520,Kolkata,22.6417,88.3218,2024-11-13,0.344,75.9,3.52,64.5,25.2
521,Pune,18.6416,73.8611,2024-02-19,0.388,51.7,1.95,57.7,23.3
522,Mumbai,18.9657,72.8222,2024-05-10,0.626,63.1,6.4,35.3,28.3
523,Mumbai,19.0991,72.8756,2024-09-24,0.214,90.2,5.11,89.7,33.0
524,Kolkata,22.5692,88.2767,2024-11-18,0.303,66.7,2.33,75.3,25.1
525,Delhi,28.765,77.1862,2024-06-06,0.579,31.4,1.78,22.5,33.2
526,Delhi,28.8313,77.2334,2024-10-08,0.511,42.5,1.13,36.3,24.9
527,Ahmedabad,22.8599,72.5942,2024-08-24,0.722,53.7,3.97,11.8,24.9
528,Mumbai,19.0094,72.7441,2024-06-19,0.238,58.8,4.43,68.5,40.1
529,Chennai,13.0001,80.3804,2024-08-12,0.282,77.9,4.22,87.7,34.5
530,Bengaluru,12.8902,77.5279,2024-02-12,0.291,55.6,2.95,66.6,24.0
531,Ahmedabad,22.865,72.687,2024-02-03,0.274,30.1,2.5,57.4,33.0
532,Mumbai,19.2179,72.8769,2024-11-03,0.399,72.7,5.5,72.2,26.7
533,Chennai,13.1885,80.4055,2024-11-06,0.558,66.7,3.52,31.2,26.8
534,Hyderabad,17.5183,78.3566,2024-02-16,0.39,48.0,5.06,55.6,26.9
535,Mumbai,19.052,72.8405,2024-12-08,0.33,65.5,4.13,71.9,26.3
536,Hyderabad,17.295,78.5261,2024-08-01,0.561,70.3,3.08,41.0,29.4
537,Kolkata,22.5946,88.2323,2024-04-26,0.478,67.2,2.59,34.5,36.9
538,Mumbai,19.1632,72.975,2024-07-01,0.602,93.1,2.9,12.2,24.5
539,Bengaluru,13.0361,77.7692,2024-01-11,0.428,60.9,4.13,71.5,22.1
540,Kolkata,22.4155,88.3265,2024-12-17,0.348,68.2,1.5,70.0,26.7
541,Delhi,28.7661,76.9933,2024-11-22,0.275,55.0,4.25,67.9,26.1
542,Hyderabad,17.3405,78.4374,2024-01-20,0.388,43.0,2.25,68.8,28.7
543,Delhi,28.5724,76.9428,2024-11-12,0.316,33.2,3.02,62.2,26.2
544,Chennai,12.9773,80.2267,2024-04-25,0.515,61.0,2.98,33.4,37.9
545,Ahmedabad,23.1834,72.5597,2024-11-15,0.587,41.5,2.33,16.9,25.9
546,Hyderabad,17.3344,78.352,2024-08-03,0.411,62.7,3.58,75.2,34.2
547,Chennai,12.9046,80.2088,2024-08-29,0.734,84.1,4.72,13.2,27.1
548,Chennai,13.1269,80.2393,2024-11-09,0.274,80.0,5.35,62.0,28.3
549,Kolkata,22.6862,88.362,2024-02-18,0.317,74.7,3.12,76.1,29.7
550,Bengaluru,13.1406,77.6642,2024-01-26,0.53,63.4,3.74,38.7,16.8
551,Pune,18.3853,73.8877,2024-10-05,0.486,59.7,3.07,38.2,22.5
552,Hyderabad,17.3638,78.3301,2024-10-28,0.524,60.2,3.11,30.1,24.6
553,Ahmedabad,22.9037,72.5121,2024-08-09,0.413,51.2,3.76,60.7,33.4
554,Bengaluru,12.8102,77.4717,2024-10-23,0.47,54.1,1.81,58.5,22.9
555,Delhi,28.6929,77.0283,2024-04-11,0.457,31.6,3.92,24.5,36.0
556,Bengaluru,13.0058,77.4471,2024-08-09,0.466,81.9,2.74,55.4,23.2
557,Chennai,13.2087,80.3954,2024-05-10,0.378,66.2,4.44,54.9,38.7
558,Ahmedabad,23.0484,72.4827,2024-03-24,0.456,23.3,2.53,42.1,37.2
559,Ahmedabad,23.0215,72.5426,2024-03-11,0.398,32.1,1.77,35.3,39.1
560,Kolkata,22.7017,88.2262,2024-10-13,0.534,75.6,2.63,16.7,22.5
561,Pune,18.5872,73.9499,2024-07-13,0.407,75.2,3.7,57.2,30.8
562,Chennai,13.138,80.4349,2024-01-02,0.336,74.7,4.44,47.2,25.2
563,Ahmedabad,23.166,72.7302,2024-11-12,0.69,41.3,3.37,30.8,25.5
564,Delhi,28.7881,76.9226,2024-08-05,0.179,51.4,3.65,79.6,35.1
565,Delhi,28.7002,77.2083,2024-08-29,0.461,52.0,1.77,27.3,26.6
566,Mumbai,18.9451,73.0172,2024-06-20,0.488,64.8,3.13,57.0,36.6
567,Mumbai,19.245,73.0432,2024-05-10,0.502,55.9,4.83,47.4,33.6
568,Hyderabad,17.5225,78.4814,2024-07-16,0.538,66.5,2.46,19.4,29.4
569,Bengaluru,12.8974,77.4923,2024-02-27,0.278,51.6,3.41,66.3,25.3
570,Bengaluru,13.0581,77.61,2024-07-12,0.639,70.0,4.56,11.9,18.3
571,Hyderabad,17.3807,78.3624,2024-05-14,0.365,45.2,2.46,62.2,38.5
572,Mumbai,18.9608,72.8786,2024-11-05,0.239,77.0,4.24,69.7,25.8
573,Kolkata,22.6842,88.384,2024-12-11,0.378,87.5,2.99,56.6,25.0
574,Hyderabad,17.4637,78.3836,2024-03-12,0.651,37.4,3.22,6.3,33.4
575,Kolkata,22.3956,88.5075,2024-12-05,0.271,59.9,2.03,78.2,30.9
576,Pune,18.4576,73.7284,2024-09-16,0.217,63.2,2.81,79.8,30.5
577,Mumbai,18.9048,72.9824,2024-01-05,0.337,67.2,5.57,40.9,25.3
578,Hyderabad,17.2995,78.4883,2024-09-28,0.475,59.8,3.27,53.7,32.0
579,Bengaluru,12.8847,77.7388,2024-10-27,0.345,62.5,2.1,51.2,25.5
580,Delhi,28.7917,77.0132,2024-06-14,0.394,45.5,2.18,38.3,35.1
581,Delhi,28.5352,77.1448,2024-10-04,0.384,51.4,2.22,52.5,24.5
582,Pune,18.416,73.8538,2024-01-08,0.395,51.4,3.85,49.6,22.0
583,Mumbai,19.0887,72.9514,2024-05-03,0.588,58.2,4.22,20.0,31.1
584,Chennai,13.1663,80.1223,2024-08-31,0.305,75.2,3.85,71.7,33.3
585,Delhi,28.7015,77.0445,2024-02-23,0.532,52.3,1.38,44.9,26.4
586,Mumbai,19.107,72.8263,2024-07-29,0.154,78.3,5.69,87.6,32.5
587,Kolkata,22.6734,88.4239,2024-04-22,0.584,65.2,2.94,21.0,31.2
588,Ahmedabad,22.8587,72.7226,2024-06-20,0.689,35.4,4.4,28.4,33.5
589,Ahmedabad,23.1247,72.6881,2024-09-21,0.222,48.0,3.08,82.7,39.4
590,Delhi,28.5583,77.0424,2024-05-16,0.56,38.0,1.77,40.9,35.5
591,Ahmedabad,22.909,72.5338,2024-03-04,0.217,26.4,0.96,90.5,47.7
592,Mumbai,19.0953,73.0528,2024-09-24,0.29,91.3,5.47,63.8,33.2
593,Pune,18.6425,73.9118,2024-07-02,0.287,69.1,2.85,86.5,31.8
594,Chennai,13.1344,80.1224,2024-11-22,0.527,72.0,3.71,29.6,24.6
595,Ahmedabad,22.986,72.4526,2024-10-05,0.468,39.4,3.62,47.2,31.5
596,Bengaluru,12.9921,77.6527,2024-08-04,0.272,72.5,2.13,66.0,25.8
597,Kolkata,22.6401,88.318,2024-04-05,0.307,65.2,3.25,87.9,36.7
598,Bengaluru,12.8649,77.5371,2024-06-22,0.514,42.8,4.02,37.9,30.5
599,Delhi,28.5667,77.1963,2024-12-04,0.627,39.7,3.53,13.4,22.8
600,Mumbai,19.0706,72.8077,2024-07-07,0.423,89.4,5.56,39.7,26.6
601,Hyderabad,17.4579,78.535,2024-12-25,0.489,39.3,3.91,28.9,22.3
602,Kolkata,22.506,88.3911,2024-12-12,0.548,57.0,3.01,36.0,25.0
603,Pune,18.4717,73.9855,2024-04-07,0.711,45.7,4.43,11.1,29.9
604,Pune,18.459,73.7265,2024-05-25,0.267,40.7,5.1,76.7,39.2
605,Delhi,28.8172,77.1096,2024-10-08,0.228,37.5,3.84,71.6,26.7
606,Chennai,13.0927,80.2851,2024-06-17,0.569,62.7,4.02,20.9,35.7
607,Ahmedabad,23.1806,72.4814,2024-07-14,0.696,54.2,4.33,8.9,27.8
608,Chennai,13.2489,80.2748,2024-09-24,0.306,79.3,4.02,43.8,28.6
609,Delhi,28.7603,76.9983,2024-04-26,0.445,26.2,2.66,53.6,33.1
610,Bengaluru,12.8944,77.5121,2024-11-08,0.262,52.5,2.83,70.6,20.0
611,Kolkata,22.4578,88.4258,2024-06-16,0.593,55.3,2.7,5.0,33.9
612,Ahmedabad,23.0868,72.5968,2024-12-11,0.486,42.7,3.29,40.5,27.0
613,Ahmedabad,22.957,72.5539,2024-03-31,0.192,28.5,0.23,81.4,42.5
614,Delhi,28.7894,77.0938,2024-02-14,0.316,49.6,2.59,69.4,31.7
615,Delhi,28.709,76.9726,2024-03-27,0.647,33.9,3.18,14.2,32.9
616,Chennai,12.9899,80.1516,2024-10-09,0.685,70.4,4.02,23.4,20.3
617,Kolkata,22.4717,88.4278,2024-10-03,0.496,73.4,2.69,40.1,23.2
618,Mumbai,19.1913,72.8432,2024-03-21,0.4,65.2,4.65,56.2,37.0
619,Delhi,28.6467,76.9456,2024-03-06,0.427,35.1,4.31,42.4,37.4
620,Delhi,28.8139,77.0557,2024-08-24,0.367,51.3,1.56,84.3,35.1
621,Ahmedabad,23.1688,72.5822,2024-02-20,0.544,43.4,3.46,39.6,23.4
622,Ahmedabad,23.2019,72.6623,2024-11-11,0.546,41.3,3.48,25.8,27.3
623,Delhi,28.565,77.1193,2024-09-15,0.337,60.9,1.81,74.8,30.5
624,Mumbai,19.1463,72.8451,2024-11-15,0.25,66.2,2.68,95.2,31.3
625,Bengaluru,13.0507,77.4485,2024-08-19,0.355,77.2,2.58,49.8,24.1
626,Pune,18.5234,73.7334,2024-09-01,0.412,72.4,6.03,44.7,27.0
627,Pune,18.4755,74.031,2024-01-12,0.33,60.0,2.34,65.1,29.9
628,Mumbai,18.8963,72.9552,2024-03-03,0.295,56.6,5.37,72.9,36.5
629,Ahmedabad,22.9444,72.5491,2024-05-09,0.621,24.3,1.27,10.1,35.0
630,Bengaluru,13.1189,77.599,2024-05-11,0.556,49.1,2.39,35.7,31.9
631,Delhi,28.5624,76.9521,2024-01-01,0.414,44.5,3.83,40.6,22.8
632,Delhi,28.8683,76.9998,2024-07-07,0.156,51.6,3.33,70.2,34.2
633,Bengaluru,12.8427,77.5243,2024-10-27,0.43,57.9,2.92,41.5,18.9
634,Chennai,13.0685,80.4114,2024-02-04,0.371,67.9,2.09,67.2,32.9
635,Pune,18.3661,73.7016,2024-03-17,0.319,51.4,3.28,63.1,35.3
636,Delhi,28.7881,77.152,2024-08-23,0.682,55.8,2.37,26.8,24.2
637,Mumbai,18.8998,72.8558,2024-11-03,0.287,76.7,3.49,68.9,27.5
638,Delhi,28.6037,77.0212,2024-07-18,0.484,59.2,2.19,46.5,26.0
639,Ahmedabad,23.1042,72.6462,2024-02-25,0.565,25.6,3.05,27.9,27.6
640,Ahmedabad,23.0944,72.4801,2024-11-25,0.535,42.5,1.96,33.9,25.4
641,Bengaluru,12.9309,77.6172,2024-10-20,0.438,58.3,2.28,61.2,22.5
642,Ahmedabad,22.8503,72.5655,2024-07-01,0.508,44.3,3.48,44.6,30.0
643,Kolkata,22.5649,88.4356,2024-12-02,0.493,75.0,3.44,42.5,21.9
644,Chennai,12.9198,80.1696,2024-09-14,0.25,85.9,3.99,76.6,34.8
645,Chennai,13.02,80.3505,2024-01-28,0.128,64.9,3.16,89.7,35.7
646,Chennai,13.1014,80.1738,2024-09-28,0.514,85.0,3.67,24.3,27.7
647,Chennai,13.0827,80.1414,2024-03-20,0.39,59.7,3.39,56.7,38.8
648,Chennai,13.1598,80.3556,2024-02-20,0.356,72.0,5.45,60.3,30.5
649,Chennai,13.1643,80.2743,2024-08-15,0.264,82.9,5.21,44.2,31.8
650,Hyderabad,17.5408,78.431,2024-02-08,0.172,52.6,1.86,84.7,31.2
651,Pune,18.3565,73.9487,2024-04-07,0.385,40.6,3.61,46.0,34.1
652,Mumbai,19.0275,72.8391,2024-09-10,0.437,88.1,4.42,48.9,30.8
653,Kolkata,22.7054,88.5202,2024-04-29,0.667,53.7,2.17,14.8,30.7
654,Chennai,13.0948,80.1314,2024-10-29,0.767,68.7,2.99,11.5,22.4
655,Kolkata,22.5637,88.5419,2024-12-23,0.374,74.5,2.16,48.0,25.6
656,Ahmedabad,23.1517,72.7484,2024-04-17,0.492,33.0,3.15,51.5,42.0
657,Kolkata,22.7056,88.3579,2024-05-02,0.381,66.1,2.0,41.9,34.7
658,Hyderabad,17.2998,78.3823,2024-08-06,0.095,63.1,3.71,83.9,33.9
659,Mumbai,18.9609,72.8966,2024-03-19,0.343,70.5,4.78,47.8,35.8
660,Hyderabad,17.3393,78.3603,2024-07-22,0.385,63.0,2.89,66.3,33.1
661,Delhi,28.8509,77.0322,2024-07-17,0.702,62.4,3.42,15.9,20.1
662,Pune,18.4223,73.6778,2024-04-20,0.301,47.3,2.74,56.9,32.2
663,Kolkata,22.7215,88.3532,2024-07-26,0.329,88.7,3.09,77.8,34.1
664,Chennai,13.1007,80.2677,2024-07-25,0.446,80.9,5.23,31.4,29.2
665,Pune,18.5622,73.7214,2024-07-30,0.388,73.4,3.67,43.0,26.0
666,Hyderabad,17.3746,78.6014,2024-02-15,0.434,52.4,2.78,37.3,30.4
667,Pune,18.4545,74.0149,2024-05-14,0.415,54.4,1.77,37.9,33.5
668,Kolkata,22.4863,88.2476,2024-01-11,0.648,72.6,1.56,28.3,25.5
669,Delhi,28.6361,77.1997,2024-11-12,0.646,48.7,2.56,13.5,24.1
670,Mumbai,19.085,72.8695,2024-06-12,0.432,62.9,5.61,42.9,38.4
671,Bengaluru,13.059,77.7385,2024-10-25,0.458,62.1,3.22,58.4,23.4
672,Ahmedabad,23.043,72.6275,2024-06-30,0.583,28.6,4.16,16.9,33.0
673,Kolkata,22.7402,88.3338,2024-04-06,0.299,52.9,3.0,71.4,34.9
674,Delhi,28.6392,76.9828,2024-04-05,0.483,36.7,3.19,31.1,31.9
675,Ahmedabad,22.848,72.7014,2024-02-23,0.578,34.0,5.35,12.1,25.5
676,Ahmedabad,23.0762,72.5956,2024-07-21,0.527,59.3,2.88,34.4,30.0
677,Chennai,12.9666,80.2626,2024-06-29,0.435,59.0,3.65,65.5,40.6
678,Kolkata,22.7222,88.2291,2024-06-01,0.211,59.1,3.83,80.9,40.9
679,Delhi,28.672,77.1164,2024-04-01,0.202,37.9,2.76,85.4,43.0
680,Mumbai,19.1543,72.9723,2024-03-14,0.314,66.4,3.81,55.8,36.7
681,Kolkata,22.6377,88.5069,2024-11-21,0.418,70.5,1.92,41.8,25.9
682,Hyderabad,17.4895,78.3764,2024-04-05,0.359,35.1,4.18,60.7,38.1
683,Mumbai,18.9945,72.8799,2024-05-02,0.328,62.5,4.76,70.7,40.2
684,Pune,18.552,73.8572,2024-11-14,0.427,55.6,2.96,52.4,19.8
685,Kolkata,22.6853,88.4041,2024-10-11,0.478,73.7,3.82,43.0,24.6
686,Chennai,13.2011,80.1299,2024-02-09,0.347,70.5,2.94,50.3,27.9
687,Mumbai,19.0919,72.7533,2024-04-01,0.337,59.8,3.73,63.6,40.5
688,Ahmedabad,23.0145,72.4719,2024-09-14,0.32,52.9,1.64,60.2,33.8
689,Chennai,13.0301,80.2108,2024-01-14,0.351,78.2,3.75,75.0,32.3
690,Hyderabad,17.4531,78.3452,2024-10-26,0.413,43.8,4.21,50.0,28.7
691,Mumbai,19.2454,72.8975,2024-03-07,0.397,63.1,4.56,66.8,37.1
692,Pune,18.6595,73.8717,2024-08-23,0.703,61.2,3.66,3.9,20.6
693,Delhi,28.7563,77.0648,2024-10-25,0.583,38.2,2.38,36.6,24.7
694,Mumbai,18.9256,72.8483,2024-07-23,0.606,93.7,4.12,11.5,22.6
695,Chennai,13.1403,80.3547,2024-05-21,0.318,53.5,3.26,76.9,41.6
696,Kolkata,22.564,88.5417,2024-09-23,0.683,90.9,2.67,22.5,27.2
697,Kolkata,22.4,88.19,2024-07-08,0.268,86.7,3.12,65.4,32.8
698,Kolkata,22.4106,88.3593,2024-05-09,0.499,62.0,2.27,45.2,32.3
699,Ahmedabad,23.1115,72.5579,2024-08-07,0.312,51.8,3.34,71.0,35.5
700,Pune,18.3842,73.8769,2024-04-29,0.644,47.1,5.2,39.6,32.3
701,Delhi,28.5697,77.2201,2024-11-11,0.361,38.5,1.94,55.2,26.2
702,Hyderabad,17.2375,78.5093,2024-06-23,0.368,37.3,2.7,63.0,34.4
703,Kolkata,22.4384,88.4177,2024-01-27,0.386,74.0,2.54,67.1,29.9
704,Bengaluru,13.1259,77.6271,2024-08-17,0.3,70.1,3.05,70.3,30.9
705,Chennai,12.9607,80.2063,2024-03-23,0.454,61.7,3.08,59.9,40.5
706,Chennai,12.9777,80.3288,2024-11-28,0.583,74.4,4.29,30.3,22.9
707,Delhi,28.8125,77.0655,2024-03-18,0.505,42.2,1.85,37.8,37.3
708,Ahmedabad,23.0423,72.6587,2024-03-21,0.599,30.0,1.78,16.7,35.5
709,Ahmedabad,23.0328,72.4961,2024-09-07,0.105,50.9,3.81,90.8,36.2
710,Pune,18.5344,73.8373,2024-07-25,0.475,63.1,3.86,26.3,24.5
711,Bengaluru,12.8181,77.4948,2024-09-30,0.472,71.3,2.55,49.5,22.6
712,Bengaluru,13.0791,77.5022,2024-09-21,0.525,85.2,2.8,35.9,19.4
713,Chennai,12.9206,80.1856,2024-01-24,0.449,77.8,3.26,49.9,25.0
714,Hyderabad,17.2754,78.3107,2024-03-29,0.655,35.5,1.38,19.4,35.6
715,Hyderabad,17.214,78.5241,2024-02-23,0.542,60.4,1.91,35.3,26.1
716,Kolkata,22.7084,88.4963,2024-06-13,0.688,58.3,3.19,14.7,27.7
717,Hyderabad,17.272,78.6431,2024-12-22,0.264,52.5,3.05,82.4,32.6
718,Bengaluru,13.0612,77.7005,2024-03-14,0.708,45.8,4.2,13.8,28.6
719,Bengaluru,13.0462,77.6564,2024-03-12,0.513,48.1,2.93,52.1,35.2
720,Pune,18.4453,73.8108,2024-10-10,0.513,51.4,4.05,56.2,23.4
721,Chennai,13.0496,80.1291,2024-10-25,0.731,64.1,5.37,0.9,22.9
722,Hyderabad,17.31,78.3531,2024-11-08,0.433,59.2,3.71,41.3,26.4
723,Hyderabad,17.4799,78.4906,2024-07-22,0.71,63.4,2.78,24.2,27.3
724,Chennai,12.9264,80.3147,2024-08-01,0.399,89.2,4.64,29.5,27.2
725,Ahmedabad,22.9183,72.6049,2024-10-02,0.391,35.1,4.2,50.1,27.1
726,Chennai,12.9804,80.1367,2024-04-24,0.619,51.4,3.36,36.8,35.1
727,Delhi,28.6802,77.213,2024-04-17,0.463,23.1,2.1,70.2,36.8
728,Mumbai,19.2069,72.8314,2024-03-17,0.582,59.3,3.3,37.6,35.6
729,Delhi,28.8502,77.2759,2024-05-07,0.501,40.0,2.2,33.8,32.1
730,Chennai,13.1104,80.3274,2024-03-12,0.639,65.8,4.22,24.0,36.5
731,Kolkata,22.6658,88.3859,2024-04-19,0.541,61.5,3.21,18.3,33.4
732,Ahmedabad,23.1761,72.6429,2024-04-03,0.27,27.4,3.37,87.7,45.0
733,Hyderabad,17.2382,78.3933,2024-11-16,0.223,48.8,2.7,86.8,31.1
734,Bengaluru,12.9955,77.4684,2024-06-20,0.601,38.2,3.56,28.4,33.6
735,Pune,18.3844,74.016,2024-06-17,0.371,48.2,3.6,52.7,34.2
736,Kolkata,22.6084,88.5213,2024-03-01,0.6,66.0,0.81,24.6,31.6
737,Mumbai,19.2438,73.0446,2024-06-10,0.358,57.5,3.25,71.0,37.3
738,Kolkata,22.5337,88.5097,2024-07-23,0.231,91.6,3.05,59.6,31.0
739,Kolkata,22.5197,88.5329,2024-04-26,0.546,58.8,2.38,41.5,33.6
740,Ahmedabad,23.1139,72.5495,2024-09-29,0.364,52.4,3.48,75.2,32.5
741,Kolkata,22.731,88.3215,2024-06-12,0.56,60.3,2.99,31.0,33.0
742,Ahmedabad,23.0619,72.5238,2024-05-31,0.355,22.8,2.06,50.6,43.3
743,Ahmedabad,22.9685,72.6003,2024-03-23,0.272,36.1,4.18,83.6,39.1
744,Ahmedabad,23.0737,72.4025,2024-09-21,0.509,61.8,4.64,28.5,30.6
745,Bengaluru,13.0157,77.4825,2024-07-26,0.656,77.2,2.88,13.9,20.5
746,Mumbai,19.0342,72.7487,2024-09-16,0.311,77.7,2.59,51.6,31.2
747,Chennai,13.0804,80.3415,2024-04-08,0.456,66.8,4.36,65.1,36.7
748,Bengaluru,12.9821,77.73,2024-06-17,0.306,44.5,4.26,56.6,30.5
749,Kolkata,22.607,88.5335,2024-12-24,0.397,64.6,2.45,67.9,27.7
750,Delhi,28.6819,77.1841,2024-11-22,0.218,34.9,2.72,81.0,30.4
751,Pune,18.3563,73.7648,2024-10-06,0.606,51.9,3.09,29.5,19.2
752,Delhi,28.7357,77.037,2024-07-21,0.342,51.5,1.37,63.7,33.0
753,Chennai,13.1349,80.1924,2024-04-17,0.693,68.3,4.81,14.4,33.4
754,Delhi,28.8651,77.1395,2024-07-30,0.195,51.9,2.79,68.1,32.1
755,Hyderabad,17.386,78.4734,2024-02-27,0.459,51.9,4.45,59.4,27.0
756,Hyderabad,17.2688,78.6173,2024-05-23,0.533,38.9,3.46,35.7,35.1
757,Chennai,12.909,80.16,2024-10-01,0.284,62.3,4.03,70.3,29.9
758,Mumbai,19.058,72.9656,2024-06-19,0.611,60.9,2.82,36.0,33.1
759,Delhi,28.7451,77.0347,2024-12-27,0.374,48.3,2.37,70.8,27.6
760,Hyderabad,17.3872,78.4502,2024-02-13,0.113,49.3,2.43,95.8,35.1
761,Chennai,12.9952,80.2514,2024-09-10,0.383,89.1,3.38,75.6,32.2
762,Pune,18.6754,73.9971,2024-10-13,0.109,52.8,4.22,71.3,27.0
763,Pune,18.5285,73.8318,2024-08-24,0.445,62.5,2.06,49.7,27.3
764,Bengaluru,12.8396,77.6617,2024-03-18,0.377,39.2,3.86,66.0,36.4
765,Mumbai,18.9907,72.7233,2024-07-16,0.391,88.9,4.65,58.1,31.8
766,Delhi,28.6676,77.02,2024-12-30,0.355,42.3,1.64,38.4,25.2
767,Kolkata,22.5227,88.3268,2024-03-04,0.519,71.0,2.66,42.6,32.5
768,Kolkata,22.4324,88.4857,2024-07-21,0.378,98.0,2.74,55.1,30.8
769,Mumbai,18.9327,72.724,2024-06-17,0.568,72.2,4.27,32.7,30.6
770,Pune,18.6362,73.7207,2024-11-05,0.517,52.3,3.41,31.4,21.4
771,Chennai,13.0901,80.3514,2024-05-13,0.53,70.3,0.39,40.3,34.3
772,Bengaluru,13.0218,77.6536,2024-05-31,0.529,54.4,2.62,32.2,27.8
773,Hyderabad,17.4573,78.3995,2024-12-02,0.382,48.6,3.38,62.2,25.8
774,Kolkata,22.6755,88.2996,2024-01-14,0.287,67.1,3.96,73.0,28.1
775,Chennai,13.0041,80.1186,2024-02-22,0.733,67.4,4.05,6.9,23.4
776,Kolkata,22.4896,88.22,2024-05-08,0.4,60.0,2.79,32.9,35.2
777,Bengaluru,13.1126,77.7436,2024-03-19,0.165,45.9,1.93,74.1,33.2
778,Chennai,12.9879,80.2716,2024-04-08,0.428,61.2,2.44,64.9,40.3
779,Pune,18.3827,73.7414,2024-12-20,0.28,53.6,2.73,67.5,25.4
780,Delhi,28.5664,77.1707,2024-05-29,0.545,30.5,0.91,63.6,38.4
781,Bengaluru,13.0876,77.6169,2024-04-06,0.27,45.1,4.15,84.9,33.9
782,Hyderabad,17.3157,78.6613,2024-10-24,0.266,38.8,4.35,72.5,28.4
783,Pune,18.3709,74.0166,2024-07-07,0.527,73.8,3.55,40.6,24.5
784,Ahmedabad,22.8822,72.4776,2024-03-21,0.326,18.0,3.9,74.3,46.6
785,Hyderabad,17.2391,78.5703,2024-09-26,0.21,70.1,2.47,72.7,35.5
786,Ahmedabad,22.9769,72.7489,2024-12-29,0.461,37.0,3.54,53.3,27.2
787,Kolkata,22.6038,88.5113,2024-03-09,0.416,64.2,3.13,50.1,37.8
788,Bengaluru,13.0718,77.4482,2024-03-04,0.514,47.9,3.22,42.9,29.3
789,Pune,18.6249,73.8233,2024-07-24,0.38,66.4,4.66,60.8,29.8
790,Bengaluru,13.0179,77.6413,2024-12-26,0.5,51.7,2.83,61.0,23.4
791,Mumbai,18.8982,72.8674,2024-02-13,0.443,71.0,4.23,38.8,23.8
792,Mumbai,19.2185,72.9468,2024-02-14,0.63,86.2,4.35,14.1,19.0
793,Mumbai,19.2044,72.9576,2024-11-18,0.572,69.6,4.8,14.0,21.4
794,Pune,18.3419,73.6843,2024-06-19,0.574,44.3,2.81,31.7,30.4
795,Kolkata,22.7223,88.2839,2024-03-09,0.489,68.8,2.89,34.4,32.0
796,Pune,18.6694,74.0251,2024-11-05,0.28,46.4,2.02,65.9,24.2
797,Mumbai,19.0405,72.7079,2024-09-10,0.344,92.3,4.32,53.9,30.1
798,Mumbai,19.2368,72.7339,2024-02-26,0.362,68.1,4.5,60.2,31.0
799,Hyderabad,17.2508,78.6323,2024-07-10,0.377,59.6,2.92,64.1,33.9
800,Pune,18.5481,73.9845,2024-12-21,0.381,50.4,3.81,32.7,24.3
801,Delhi,28.5417,77.0278,2024-10-13,0.256,37.7,1.58,80.9,32.3
802,Pune,18.4404,73.7954,2024-08-25,0.352,71.0,3.75,70.7,32.0
803,Hyderabad,17.2733,78.3181,2024-09-03,0.401,59.0,3.37,53.2,30.9
804,Kolkata,22.5898,88.1925,2024-10-05,0.472,81.8,1.75,54.3,24.2
805,Bengaluru,12.9085,77.6812,2024-11-10,0.622,54.2,3.64,38.7,17.9
806,Delhi,28.6777,76.9894,2024-02-10,0.287,45.0,4.65,66.0,27.1
807,Delhi,28.6444,77.109,2024-03-23,0.334,31.6,2.18,72.0,40.8
808,Mumbai,19.1149,72.7346,2024-11-07,0.565,77.5,4.07,22.1,18.8
809,Pune,18.3667,73.9659,2024-03-19,0.453,49.1,1.95,51.5,33.0
810,Chennai,13.0341,80.4073,2024-01-15,0.434,69.6,4.13,45.6,29.6
811,Chennai,13.0602,80.387,2024-12-03,0.402,77.9,2.8,53.9,27.9
812,Bengaluru,13.0662,77.4392,2024-01-05,0.449,67.5,4.76,36.3,20.8
813,Hyderabad,17.403,78.4258,2024-03-02,0.409,33.7,2.04,61.6,38.1
814,Delhi,28.5642,76.9989,2024-06-21,0.522,35.5,2.8,32.3,37.1
815,Hyderabad,17.2815,78.4416,2024-01-03,0.29,50.6,4.62,58.3,28.1
816,Bengaluru,12.9253,77.4288,2024-05-12,0.495,50.3,1.99,46.4,34.5
817,Delhi,28.6019,77.1848,2024-08-23,0.335,58.3,3.42,63.6,33.4
818,Chennai,12.995,80.4115,2024-06-28,0.408,56.4,3.99,62.8,37.0
819,Hyderabad,17.3572,78.5477,2024-01-07,0.497,45.5,3.16,27.5,25.4
820,Delhi,28.5646,77.2508,2024-03-12,0.456,39.8,1.59,40.0,38.1
821,Delhi,28.8644,77.2338,2024-01-25,0.204,28.0,2.46,84.2,33.6
822,Chennai,13.1816,80.2121,2024-08-19,0.251,80.4,4.39,61.1,30.2
823,Pune,18.6531,73.9879,2024-09-10,0.473,64.5,3.62,38.6,26.4
824,Ahmedabad,22.9364,72.6372,2024-12-09,0.468,43.5,3.37,24.8,29.4
825,Hyderabad,17.3144,78.5013,2024-03-10,0.504,35.6,2.2,28.9,33.5
826,Ahmedabad,22.8829,72.5977,2024-10-12,0.539,48.6,1.8,29.3,26.9
827,Delhi,28.7587,76.9905,2024-01-24,0.363,33.3,2.73,50.7,25.0
828,Mumbai,19.0788,73.0571,2024-09-10,0.268,81.9,3.37,72.5,30.5
829,Bengaluru,13.0787,77.6462,2024-10-12,0.534,57.5,2.47,22.6,18.9
830,Kolkata,22.5184,88.2604,2024-05-16,0.341,53.7,3.13,71.5,36.4
831,Hyderabad,17.4144,78.4231,2024-07-07,0.455,61.1,4.39,51.8,29.4
832,Mumbai,18.9633,72.9335,2024-05-17,0.34,71.0,4.43,61.8,38.5
833,Chennai,13.2168,80.3187,2024-11-21,0.283,66.2,4.25,61.7,28.0
834,Bengaluru,12.8109,77.5274,2024-02-24,0.654,60.4,2.39,18.9,16.6
835,Bengaluru,13.0793,77.5249,2024-06-20,0.348,47.7,3.78,47.0,29.1
836,Pune,18.5845,74.0015,2024-05-20,0.235,44.6,3.4,86.3,40.4
837,Hyderabad,17.338,78.3422,2024-07-27,0.596,63.7,2.77,16.8,25.3
838,Bengaluru,13.0497,77.7319,2024-08-21,0.27,71.4,1.29,52.6,22.9
839,Chennai,13.0415,80.2816,2024-08-06,0.651,94.0,4.18,24.3,29.4
840,Mumbai,19.1607,73.0072,2024-12-09,0.462,72.1,5.98,41.7,25.6
841,Kolkata,22.4552,88.4873,2024-04-13,0.277,65.0,1.53,70.4,39.6
842,Ahmedabad,23.1726,72.5335,2024-03-06,0.475,34.0,3.35,31.7,37.7
843,Ahmedabad,22.9991,72.5841,2024-12-06,0.422,33.3,4.01,50.4,28.1
844,Delhi,28.6301,77.1973,2024-09-29,0.186,59.7,3.14,86.5,33.7
845,Mumbai,19.1539,72.7796,2024-12-26,0.448,80.2,3.61,41.8,25.3
846,Hyderabad,17.4648,78.3574,2024-11-16,0.334,55.0,4.94,61.0,26.5
847,Pune,18.3704,73.9781,2024-08-11,0.598,62.6,2.62,21.7,21.8
848,Pune,18.5667,73.7389,2024-04-04,0.618,41.0,6.0,20.4,29.4
849,Kolkata,22.5084,88.1909,2024-02-10,0.584,80.9,3.78,31.6,19.9
850,Mumbai,19.1194,72.8489,2024-08-11,0.411,92.2,5.72,57.7,29.8
851,Delhi,28.5938,76.9939,2024-09-24,0.53,56.0,2.62,21.9,28.6
852,Delhi,28.6879,77.0518,2024-04-16,0.374,43.7,2.47,58.3,38.5
853,Ahmedabad,23.0129,72.6593,2024-10-06,0.301,34.8,3.19,69.5,30.3
854,Pune,18.6256,74.0228,2024-06-04,0.625,38.7,3.55,23.7,30.7
855,Pune,18.3765,74.0175,2024-01-29,0.727,43.8,4.0,16.7,19.0
856,Mumbai,18.9499,72.8596,2024-04-11,0.328,71.3,3.34,68.4,39.9
857,Pune,18.4453,73.7189,2024-08-26,0.193,71.6,2.24,82.6,33.2
858,Mumbai,19.241,72.8543,2024-08-15,0.212,88.3,4.08,75.4,32.4
859,Pune,18.6108,73.7274,2024-02-06,0.571,58.1,2.51,22.3,18.8
860,Pune,18.4381,73.6907,2024-11-05,0.375,54.6,3.44,65.4,28.2
861,Mumbai,19.0313,72.8893,2024-12-09,0.399,75.2,4.05,54.0,25.7
862,Hyderabad,17.3678,78.601,2024-07-13,0.466,63.4,2.54,31.7,29.2
863,Hyderabad,17.5036,78.5571,2024-07-28,0.282,71.4,0.92,81.6,35.3
864,Bengaluru,12.8015,77.7112,2024-03-13,0.303,44.1,2.27,81.5,35.3
865,Bengaluru,13.0508,77.4725,2024-08-18,0.406,69.3,2.53,63.3,23.6
866,Delhi,28.8512,77.1091,2024-01-28,0.47,36.8,3.92,46.3,24.9
867,Bengaluru,12.8046,77.5303,2024-10-05,0.361,58.0,2.39,86.3,24.8
868,Chennai,12.975,80.1577,2024-04-02,0.354,65.5,5.04,34.6,36.0
869,Pune,18.536,74.028,2024-05-13,0.217,50.4,3.13,64.1,33.9
870,Mumbai,18.9948,72.7094,2024-10-26,0.581,83.2,5.17,43.4,22.7
871,Bengaluru,12.8883,77.6052,2024-11-18,0.26,51.4,2.45,83.7,28.5
872,Bengaluru,12.7931,77.5381,2024-12-19,0.315,48.4,2.26,64.4,23.3
873,Kolkata,22.6684,88.3189,2024-07-25,0.388,83.7,3.81,41.0,30.7
874,Pune,18.5761,73.6923,2024-01-25,0.36,44.6,5.02,67.2,24.1
875,Kolkata,22.6366,88.3111,2024-10-22,0.763,78.3,1.7,29.5,19.3
876,Kolkata,22.4795,88.2063,2024-03-06,0.765,66.8,2.2,3.7,27.6
877,Pune,18.3615,73.8885,2024-07-24,0.479,75.8,5.37,52.8,28.1
878,Ahmedabad,22.9099,72.5729,2024-11-05,0.332,43.2,5.76,40.8,27.7
879,Hyderabad,17.3853,78.3901,2024-07-16,0.225,65.5,3.83,67.5,33.1
880,Bengaluru,13.1451,77.6968,2024-11-23,0.231,51.7,3.2,83.3,25.8
881,Hyderabad,17.3029,78.445,2024-09-24,0.507,63.6,1.48,32.4,30.5
882,Pune,18.4623,73.7824,2024-03-18,0.536,35.2,4.07,46.0,34.6
883,Delhi,28.7706,76.9897,2024-07-17,0.336,58.4,1.55,53.5,30.5
884,Mumbai,18.9807,72.8984,2024-12-15,0.385,70.5,3.79,44.7,26.8
885,Hyderabad,17.4384,78.5508,2024-11-18,0.612,45.3,2.85,23.6,22.9
886,Hyderabad,17.385,78.3439,2024-03-13,0.474,40.6,3.13,66.4,37.6
887,Hyderabad,17.4396,78.6063,2024-06-16,0.482,46.9,2.39,43.7,36.6
888,Mumbai,19.0766,73.0221,2024-04-05,0.452,60.4,5.39,30.5,34.2
889,Bengaluru,13.0571,77.4155,2024-08-17,0.497,76.0,3.31,32.3,20.2
890,Ahmedabad,23.1065,72.5467,2024-06-11,0.175,25.0,3.15,80.3,41.5
891,Chennai,13.0362,80.3537,2024-05-29,0.643,63.4,4.52,17.5,31.9
892,Chennai,12.9801,80.1041,2024-02-21,0.482,73.2,4.27,47.1,28.2
893,Bengaluru,12.843,77.4884,2024-09-07,0.5,60.9,3.85,35.8,22.6
894,Bengaluru,12.9277,77.6838,2024-11-29,0.582,53.6,3.78,30.5,20.1
895,Ahmedabad,23.0652,72.415,2024-09-14,0.14,56.3,1.91,89.4,37.3
896,Mumbai,19.1996,72.7823,2024-06-10,0.39,62.1,5.32,60.2,35.3
897,Ahmedabad,22.8549,72.7451,2024-11-11,0.395,36.5,4.22,55.0,31.4
898,Pune,18.5968,73.812,2024-12-04,0.611,56.9,3.07,19.9,19.6
899,Mumbai,18.9675,73.0054,2024-03-11,0.574,63.7,3.86,27.1,32.5
900,Mumbai,18.9975,72.8949,2024-01-31,0.628,71.8,4.02,30.5,25.6
901,Hyderabad,17.3015,78.3261,2024-12-03,0.494,53.4,4.22,29.4,26.1
902,Kolkata,22.6817,88.3278,2024-03-09,0.373,63.5,1.35,34.2,35.9
903,Ahmedabad,22.9336,72.7297,2024-05-24,0.335,22.8,2.78,86.7,46.4
904,Mumbai,19.172,72.804,2024-01-08,0.126,65.3,2.89,74.7,32.5
905,Delhi,28.5448,77.1528,2024-07-27,0.224,56.7,2.29,75.7,32.5
906,Delhi,28.6415,76.9706,2024-06-27,0.518,27.4,1.82,44.8,40.6
907,Ahmedabad,23.085,72.6108,2024-01-18,0.641,42.7,2.2,41.4,29.8
908,Bengaluru,13.0394,77.5992,2024-06-22,0.598,49.6,1.5,45.2,31.4
909,Chennai,13.005,80.3036,2024-07-18,0.523,81.9,2.57,35.1,29.4
910,Hyderabad,17.5276,78.6169,2024-02-29,0.366,45.7,4.26,59.1,25.0
911,Ahmedabad,22.8427,72.5594,2024-06-26,0.38,32.7,3.05,59.1,41.2
912,Pune,18.681,73.933,2024-09-27,0.564,69.1,3.31,13.4,23.4
913,Hyderabad,17.2871,78.4208,2024-03-18,0.459,43.2,4.04,28.1,39.1
914,Hyderabad,17.3275,78.4212,2024-12-15,0.524,50.3,2.62,36.6,26.6
915,Chennai,13.0338,80.2525,2024-11-10,0.441,67.6,3.63,64.3,25.2
916,Chennai,13.0791,80.1219,2024-08-04,0.437,73.5,4.54,65.9,34.2
917,Delhi,28.6017,77.0145,2024-04-18,0.456,28.5,2.13,48.9,37.1
918,Kolkata,22.7197,88.475,2024-11-22,0.226,71.6,2.7,73.9,26.1
919,Delhi,28.6913,77.0752,2024-11-06,0.537,41.0,2.75,50.6,23.7
920,Delhi,28.5508,76.935,2024-06-20,0.309,26.7,2.57,91.3,39.4
921,Hyderabad,17.3411,78.3159,2024-09-22,0.351,55.6,2.15,59.0,33.8
922,Mumbai,18.922,73.013,2024-07-10,0.497,89.5,5.01,51.3,26.1
923,Delhi,28.6402,77.1274,2024-07-08,0.394,51.9,2.73,48.5,28.8
924,Pune,18.3777,73.768,2024-12-01,0.283,47.2,5.03,79.9,28.2
925,Pune,18.4742,73.775,2024-05-20,0.435,50.0,3.18,73.4,34.6
926,Hyderabad,17.5105,78.3568,2024-07-30,0.327,63.8,3.35,52.4,31.0
927,Ahmedabad,23.1898,72.656,2024-01-23,0.589,37.8,1.9,18.2,27.8
928,Hyderabad,17.5152,78.361,2024-04-11,0.459,37.2,3.02,56.4,34.9
929,Bengaluru,12.9223,77.5969,2024-05-11,0.76,59.0,4.17,6.8,26.1
930,Chennai,13.187,80.161,2024-08-06,0.392,78.7,2.87,48.9,30.7
931,Mumbai,18.9221,72.8254,2024-01-10,0.259,72.3,4.45,63.8,28.4
932,Bengaluru,13.0697,77.5102,2024-03-17,0.445,48.2,4.14,25.9,31.6
933,Chennai,12.9714,80.2063,2024-06-02,0.642,68.9,3.04,30.8,36.2
934,Ahmedabad,23.0847,72.6033,2024-03-22,0.577,31.0,4.66,24.9,37.9
935,Delhi,28.6321,76.988,2024-06-11,0.277,36.7,1.72,69.4,36.2
936,Chennai,13.1054,80.1581,2024-10-19,0.285,64.6,3.79,75.4,32.7
937,Chennai,13.0167,80.1362,2024-06-25,0.461,63.7,5.18,40.6,35.1
938,Pune,18.543,73.7665,2024-10-25,0.53,53.1,3.68,19.2,18.4
939,Ahmedabad,23.0055,72.577,2024-02-18,0.465,37.4,3.95,21.9,27.1
940,Bengaluru,12.9028,77.5281,2024-01-23,0.385,58.0,1.62,85.2,27.2
941,Chennai,13.0703,80.4243,2024-01-04,0.688,72.2,5.06,20.2,22.9
942,Bengaluru,13.0481,77.4396,2024-06-30,0.433,49.4,2.24,45.0,32.0
943,Hyderabad,17.5634,78.5235,2024-12-23,0.419,45.2,4.83,51.7,25.6
944,Delhi,28.5492,76.9778,2024-10-06,0.362,47.4,3.62,67.9,28.3
945,Bengaluru,13.0443,77.4286,2024-12-15,0.587,63.8,0.99,34.9,19.4
946,Delhi,28.683,77.109,2024-07-09,0.602,52.2,3.23,21.3,25.5
947,Pune,18.6815,73.9943,2024-03-30,0.578,48.3,4.15,22.4,28.7
948,Pune,18.6702,73.7839,2024-12-12,0.231,51.6,3.13,73.9,26.4
949,Hyderabad,17.3439,78.5841,2024-10-26,0.557,52.8,3.25,33.9,26.3
950,Pune,18.345,73.7549,2024-01-24,0.362,57.9,2.58,59.4,28.9
951,Ahmedabad,23.1323,72.6206,2024-11-19,0.62,44.1,3.39,19.7,27.4
952,Bengaluru,13.0178,77.6243,2024-12-26,0.352,53.6,1.92,57.7,24.7
953,Hyderabad,17.2185,78.4839,2024-11-23,0.559,52.8,4.71,42.1,24.1
954,Chennai,13.067,80.1885,2024-05-08,0.401,62.9,4.36,50.7,35.5
955,Ahmedabad,23.1149,72.6705,2024-05-27,0.534,33.8,3.04,27.0,38.7
956,Kolkata,22.7294,88.3949,2024-04-18,0.501,62.8,5.68,40.6,32.8
957,Ahmedabad,23.0605,72.7455,2024-03-29,0.424,25.8,3.35,38.8,39.0
958,Pune,18.54,73.9646,2024-08-10,0.515,71.5,3.24,59.4,24.9
959,Bengaluru,12.7948,77.5387,2024-06-25,0.091,42.9,3.88,85.0,35.2
960,Delhi,28.6769,76.9749,2024-10-30,0.559,42.5,1.48,33.6,21.5
961,Chennai,13.1194,80.3193,2024-01-16,0.542,73.6,4.1,39.4,26.1
962,Mumbai,19.0366,72.8864,2024-11-29,0.432,71.5,4.02,43.8,27.8
963,Ahmedabad,22.9098,72.5194,2024-03-26,0.275,31.0,2.88,86.6,42.5
964,Bengaluru,12.9602,77.7333,2024-05-11,0.184,46.9,2.82,52.3,37.1
965,Kolkata,22.6545,88.2952,2024-05-16,0.241,67.1,2.83,77.0,37.7
966,Ahmedabad,23.1212,72.4458,2024-08-11,0.383,50.1,3.43,50.4,28.8
967,Kolkata,22.6642,88.2465,2024-07-25,0.623,84.3,3.18,5.1,25.9
968,Chennai,13.2007,80.2531,2024-02-24,0.68,75.5,2.96,21.0,23.0
969,Ahmedabad,22.903,72.4505,2024-02-17,0.296,31.9,3.28,71.9,32.3
970,Ahmedabad,23.1374,72.5915,2024-06-25,0.475,34.5,3.33,47.0,44.0
971,Ahmedabad,23.0305,72.3946,2024-06-26,0.516,21.4,2.8,33.0,39.7
972,Hyderabad,17.3046,78.5428,2024-02-13,0.223,45.4,3.96,78.1,33.8
973,Ahmedabad,22.8488,72.4879,2024-05-17,0.601,33.2,2.92,23.0,37.2
974,Mumbai,19.0673,72.9987,2024-09-04,0.513,87.8,6.33,21.6,27.3
975,Pune,18.4121,73.9919,2024-03-17,0.332,38.2,3.93,67.9,34.6
976,Kolkata,22.4531,88.3083,2024-10-04,0.485,67.6,2.39,33.2,23.9
977,Chennai,13.2346,80.153,2024-07-28,0.298,80.5,3.93,87.9,35.3
978,Bengaluru,12.9898,77.5252,2024-07-13,0.212,74.9,2.96,91.3,29.9
979,Chennai,12.9416,80.2833,2024-07-21,0.492,91.1,3.97,22.7,24.4
980,Hyderabad,17.4187,78.5968,2024-06-05,0.167,28.3,4.37,87.8,40.7
981,Ahmedabad,23.1166,72.5706,2024-04-10,0.317,29.7,3.42,68.8,40.9
982,Bengaluru,13.1042,77.5845,2024-07-06,0.412,76.3,3.79,48.6,28.0
983,Kolkata,22.7129,88.3724,2024-07-15,0.278,88.8,2.33,71.5,29.7
984,Delhi,28.8626,76.9731,2024-01-26,0.37,43.3,1.43,40.0,23.5
985,Ahmedabad,23.1137,72.4703,2024-06-30,0.673,36.5,3.21,14.9,37.2
986,Chennai,13.0896,80.3824,2024-06-05,0.407,56.4,2.85,60.4,40.7
987,Chennai,13.1487,80.4117,2024-04-25,0.731,62.5,5.04,10.9,28.9
988,Pune,18.5521,73.9799,2024-04-13,0.4,33.9,3.09,76.2,35.0
989,Delhi,28.8423,76.9943,2024-10-27,0.434,34.2,2.64,62.0,26.4
990,Mumbai,19.2274,72.9441,2024-06-19,0.316,66.4,4.25,60.5,35.8
991,Mumbai,18.9644,72.9323,2024-01-11,0.329,75.4,4.13,69.0,28.5
992,Hyderabad,17.4861,78.4377,2024-09-25,0.575,68.7,3.17,34.8,26.3
993,Ahmedabad,23.0353,72.6009,2024-11-27,0.409,50.7,3.21,70.2,27.6
994,Kolkata,22.4466,88.4661,2024-05-01,0.731,72.0,2.77,11.7,32.6
995,Pune,18.6509,73.9184,2024-11-03,0.478,61.5,3.82,57.2,21.0
996,Kolkata,22.4859,88.3078,2024-12-27,0.586,69.4,3.08,31.6,23.9
997,Delhi,28.7279,76.9385,2024-10-17,0.589,44.1,1.77,18.0,21.8
998,Ahmedabad,23.1481,72.5755,2024-09-14,0.419,58.8,1.9,54.4,28.7
999,Hyderabad,17.3512,78.5506,2024-09-22,0.476,72.2,2.42,28.8,28.6
1000,Pune,18.4682,73.8551,2024-11-13,0.618,46.7,4.31,15.2,20.0
1001,Delhi,28.655,77.1314,2024-03-11,0.164,30.5,2.53,93.3,42.4
1002,Chennai,13.091,80.1063,2024-05-05,0.113,55.5,3.59,97.4,41.4
1003,Chennai,13.1079,80.3087,2024-05-13,0.412,57.3,4.08,47.9,39.2
1004,Delhi,28.7997,77.1904,2024-11-25,0.641,47.0,4.59,17.3,19.3
1005,Kolkata,22.52,88.2643,2024-08-22,0.612,84.1,2.93,39.1,30.1
1006,Pune,18.4389,73.7737,2024-10-26,0.277,55.0,3.4,80.6,25.8
1007,Pune,18.4953,73.8232,2024-06-06,0.357,43.9,4.23,82.5,39.3
1008,Hyderabad,17.488,78.3676,2024-02-09,0.374,48.3,3.27,49.6,30.2
1009,Hyderabad,17.2807,78.3383,2024-02-26,0.684,57.7,4.42,8.0,19.6
1010,Ahmedabad,23.0718,72.5793,2024-06-07,0.351,27.2,3.03,77.4,40.3
1011,Ahmedabad,22.9179,72.4968,2024-03-11,0.503,38.3,5.64,10.1,35.6
1012,Mumbai,19.0629,72.735,2024-06-16,0.506,64.9,4.09,44.2,34.2
1013,Mumbai,19.1875,73.0407,2024-05-12,0.59,69.6,4.66,8.7,30.8
1014,Mumbai,19.1368,72.9973,2024-07-28,0.362,95.7,3.83,42.2,30.4
1015,Kolkata,22.6168,88.2394,2024-05-10,0.689,60.1,2.32,8.1,25.7
1016,Hyderabad,17.5642,78.4322,2024-10-31,0.168,57.2,3.07,78.6,31.8
1017,Hyderabad,17.5591,78.6223,2024-02-28,0.613,44.2,2.45,20.4,22.1
1018,Mumbai,18.9038,72.7816,2024-10-03,0.445,77.2,4.56,38.9,25.6
1019,Hyderabad,17.3728,78.4239,2024-10-06,0.45,49.3,2.48,45.8,27.4
1020,Chennai,13.0786,80.3226,2024-12-01,0.365,76.7,4.38,59.4,25.5
1021,Ahmedabad,22.9433,72.6928,2024-08-23,0.484,52.9,3.58,51.1,32.9
1022,Kolkata,22.5606,88.5071,2024-02-24,0.647,76.9,2.89,24.6,22.2
1023,Chennai,13.1377,80.1743,2024-06-08,0.66,58.7,3.92,5.8,33.1
1024,Pune,18.4846,73.8505,2024-05-09,0.214,45.4,3.01,79.3,38.4
1025,Hyderabad,17.2198,78.6236,2024-01-25,0.509,53.2,3.74,32.9,25.8
1026,Delhi,28.6362,77.0802,2024-05-11,0.271,31.3,4.32,77.5,40.8
1027,Pune,18.6677,73.9609,2024-09-30,0.392,62.0,3.57,58.0,29.5
1028,Mumbai,19.2393,72.7636,2024-08-09,0.473,89.3,3.86,49.6,27.6
1029,Hyderabad,17.3338,78.5773,2024-08-14,0.326,64.1,3.23,91.1,36.1
1030,Mumbai,19.0325,72.87,2024-03-08,0.687,67.1,4.0,26.9,34.9
1031,Hyderabad,17.4989,78.5616,2024-01-23,0.34,52.1,2.78,48.3,28.2
1032,Bengaluru,13.027,77.6071,2024-08-05,0.326,70.9,3.92,44.5,23.8
1033,Bengaluru,12.8979,77.6807,2024-10-18,0.584,56.5,2.76,21.6,17.1
1034,Ahmedabad,23.1587,72.4619,2024-03-01,0.293,25.5,2.19,58.0,42.4
1035,Mumbai,19.0774,72.8618,2024-01-28,0.302,73.9,4.9,59.6,22.7
1036,Delhi,28.5966,77.0454,2024-12-18,0.491,53.8,4.19,46.2,25.6
1037,Chennai,13.1081,80.4498,2024-12-23,0.628,74.1,4.06,15.6,24.3
1038,Bengaluru,13.0107,77.73,2024-11-18,0.387,55.3,2.64,58.1,23.3
1039,Ahmedabad,23.0813,72.465,2024-05-31,0.364,30.4,2.81,56.3,38.0
1040,Hyderabad,17.2445,78.4831,2024-05-18,0.602,47.5,3.71,39.0,35.3
1041,Hyderabad,17.3398,78.663,2024-04-20,0.516,46.1,4.05,21.5,30.9
1042,Kolkata,22.4564,88.4295,2024-07-12,0.193,84.0,2.32,67.8,28.7
1043,Pune,18.5056,74.0145,2024-02-09,0.382,54.8,2.97,63.6,26.8
1044,Hyderabad,17.4778,78.4369,2024-09-26,0.32,62.3,2.91,78.0,34.0
1045,Hyderabad,17.4211,78.5123,2024-01-15,0.576,61.3,3.44,36.7,24.8
1046,Delhi,28.5585,76.9362,2024-06-15,0.29,29.1,3.03,67.3,38.4
1047,Ahmedabad,23.0941,72.7141,2024-06-12,0.555,32.1,2.49,34.2,38.2
1048,Mumbai,19.1274,72.7097,2024-12-29,0.257,70.2,4.61,70.3,26.7
1049,Ahmedabad,23.04,72.4941,2024-12-07,0.453,40.9,2.66,60.9,31.3
1050,Delhi,28.6807,76.9628,2024-02-21,0.387,52.7,3.76,47.2,28.1
1051,Ahmedabad,23.1706,72.4912,2024-03-15,0.401,27.9,3.09,50.0,41.1
1052,Bengaluru,12.8376,77.7035,2024-07-25,0.38,70.4,3.69,60.0,28.6
1053,Hyderabad,17.396,78.507,2024-06-29,0.517,40.7,4.51,33.1,34.3
1054,Hyderabad,17.4079,78.3344,2024-10-18,0.291,61.7,1.42,46.7,29.1
1055,Delhi,28.6269,77.048,2024-06-29,0.479,28.4,2.21,62.3,39.7
1056,Pune,18.6611,73.6915,2024-01-27,0.403,48.4,3.31,46.7,23.1
1057,Kolkata,22.5109,88.1936,2024-06-11,0.364,65.4,2.61,39.6,33.2
1058,Mumbai,19.2158,72.7069,2024-05-28,0.451,56.2,4.0,54.0,33.7
1059,Kolkata,22.4417,88.1927,2024-12-07,0.393,74.2,2.09,49.5,26.1
1060,Mumbai,19.0261,72.8939,2024-06-26,0.591,66.2,4.12,37.3,33.2
1061,Kolkata,22.5197,88.2704,2024-12-15,0.419,73.1,3.82,42.4,25.2
1062,Mumbai,19.2336,72.7004,2024-07-28,0.224,89.8,3.33,79.8,31.7
1063,Bengaluru,12.9562,77.563,2024-03-27,0.436,53.6,1.94,64.8,35.9
1064,Ahmedabad,23.1578,72.5569,2024-03-17,0.416,33.5,4.4,30.7,37.8
1065,Delhi,28.7745,77.0145,2024-09-22,0.297,64.8,4.24,67.7,30.5
1066,Chennai,12.9293,80.1639,2024-02-03,0.348,64.3,4.06,57.4,25.3
1067,Chennai,12.9545,80.4114,2024-12-26,0.282,66.1,2.11,78.6,30.6
1068,Delhi,28.8768,77.1003,2024-05-22,0.444,41.4,4.02,39.4,34.9
1069,Delhi,28.7849,77.1748,2024-07-23,0.548,60.3,3.05,16.3,24.6
1070,Hyderabad,17.342,78.6338,2024-06-10,0.205,38.9,3.07,87.2,43.4
1071,Chennai,12.9071,80.1386,2024-11-06,0.395,67.9,3.67,58.5,28.3
1072,Bengaluru,12.8158,77.5056,2024-03-13,0.698,50.7,4.85,7.5,25.5
1073,Bengaluru,12.8997,77.5108,2024-03-20,0.389,43.3,3.19,55.2,35.7
1074,Bengaluru,12.904,77.742,2024-09-01,0.358,75.6,2.16,71.4,28.9
1075,Kolkata,22.5938,88.2474,2024-08-10,0.184,80.7,2.44,93.7,31.6
1076,Hyderabad,17.4946,78.6163,2024-05-11,0.736,40.1,5.58,17.6,31.3
1077,Bengaluru,13.0308,77.6971,2024-12-24,0.666,53.0,4.25,27.7,15.9
1078,Pune,18.6056,73.7082,2024-01-08,0.732,57.7,2.61,19.1,17.7
1079,Ahmedabad,23.0466,72.727,2024-04-09,0.357,25.2,3.71,65.8,45.3
1080,Ahmedabad,23.0753,72.7488,2024-08-15,0.429,43.9,3.39,40.0,29.9
1081,Delhi,28.7666,77.0353,2024-09-13,0.47,54.4,2.29,47.9,30.0
1082,Ahmedabad,22.9122,72.5722,2024-06-05,0.379,25.6,2.42,61.7,41.8
1083,Mumbai,19.2071,72.9511,2024-01-09,0.586,74.5,3.05,10.2,19.4
1084,Chennai,13.0907,80.2203,2024-01-06,0.415,66.0,4.08,57.0,26.9
1085,Chennai,12.9379,80.3763,2024-10-28,0.346,67.1,3.46,71.1,25.7
1086,Pune,18.3961,73.8501,2024-07-12,0.482,70.9,4.44,26.9,24.0
1087,Hyderabad,17.2635,78.3509,2024-12-18,0.411,50.4,3.33,37.9,26.4
1088,Bengaluru,12.8633,77.5932,2024-11-24,0.414,60.9,2.11,53.9,23.1
1089,Pune,18.6823,73.8565,2024-05-29,0.319,52.2,4.24,67.0,37.2
1090,Chennai,13.1531,80.3442,2024-09-06,0.533,82.9,3.28,45.7,30.1
1091,Delhi,28.578,77.2043,2024-08-02,0.508,56.5,2.23,27.4,27.5
1092,Delhi,28.5886,76.9521,2024-04-29,0.374,27.4,2.6,78.3,40.2
1093,Mumbai,18.9724,72.7246,2024-08-13,0.38,81.5,3.93,58.2,29.1
1094,Kolkata,22.6129,88.3377,2024-03-28,0.653,59.6,3.63,36.2,32.4
1095,Kolkata,22.4861,88.3933,2024-03-28,0.42,60.4,3.2,52.0,35.9
1096,Ahmedabad,23.1886,72.6615,2024-08-18,0.294,49.8,2.91,87.9,35.5
1097,Hyderabad,17.3228,78.6614,2024-05-14,0.701,42.2,3.56,8.1,32.7
1098,Chennai,13.133,80.2829,2024-10-24,0.438,68.6,3.07,49.2,25.7
1099,Kolkata,22.7357,88.243,2024-03-21,0.605,55.6,2.63,26.1,29.9
1100,Delhi,28.6216,76.9381,2024-05-13,0.677,33.0,3.96,12.8,32.1
1101,Pune,18.3565,73.7505,2024-03-26,0.613,46.4,5.09,17.5,26.9
1102,Delhi,28.7302,77.0434,2024-03-07,0.476,32.5,2.46,41.5,38.9
1103,Hyderabad,17.5157,78.4122,2024-06-13,0.301,40.4,5.19,77.4,38.2
1104,Delhi,28.8757,77.2635,2024-05-10,0.344,30.8,2.11,63.5,37.6
1105,Chennai,13.1257,80.3602,2024-07-09,0.641,87.7,5.33,25.4,26.9
1106,Pune,18.5629,73.7997,2024-01-11,0.481,55.0,4.76,31.5,24.0
1107,Ahmedabad,23.0777,72.5991,2024-02-16,0.366,32.4,3.0,48.8,26.6
1108,Delhi,28.7317,77.1887,2024-01-28,0.699,49.1,2.07,13.9,21.8
1109,Hyderabad,17.4541,78.6112,2024-05-10,0.67,38.5,3.03,26.6,33.6
1110,Kolkata,22.7019,88.514,2024-07-01,0.313,87.2,2.98,71.8,31.8
1111,Delhi,28.7923,77.0987,2024-02-26,0.425,43.9,4.35,72.3,28.3
1112,Chennai,13.0926,80.1773,2024-10-04,0.675,81.1,3.03,18.3,22.3
1113,Mumbai,19.0401,72.8287,2024-09-13,0.259,86.5,5.31,83.6,30.8
1114,Ahmedabad,23.0966,72.5123,2024-02-23,0.48,36.5,3.58,52.4,28.3
1115,Delhi,28.7228,77.2627,2024-07-08,0.425,67.2,2.67,71.8,31.2
1116,Mumbai,18.9694,72.7411,2024-07-05,0.399,90.4,4.04,43.8,27.7
1117,Hyderabad,17.4194,78.3404,2024-03-14,0.265,44.0,3.14,75.9,39.2
1118,Ahmedabad,23.1862,72.6456,2024-12-28,0.493,32.7,1.76,18.1,29.3
1119,Delhi,28.7822,76.9388,2024-07-22,0.708,55.3,3.16,18.3,25.5
1120,Pune,18.5219,73.9692,2024-09-28,0.593,72.5,2.37,27.1,24.1
1121,Kolkata,22.5177,88.4068,2024-08-01,0.302,87.0,1.03,59.1,31.3
1122,Mumbai,19.1352,73.0367,2024-03-13,0.334,59.4,4.76,65.2,37.3
1123,Chennai,13.0855,80.3385,2024-12-23,0.231,56.5,3.53,74.6,28.0
1124,Chennai,13.2179,80.2761,2024-09-23,0.458,85.4,3.92,43.3,28.0
1125,Ahmedabad,23.0312,72.4896,2024-11-07,0.635,34.7,2.99,14.4,26.4
1126,Mumbai,18.9813,72.9655,2024-06-21,0.451,67.9,3.73,55.3,34.9
1127,Chennai,12.9794,80.3157,2024-10-22,0.248,66.6,3.95,89.2,29.2
1128,Ahmedabad,23.1352,72.6357,2024-11-20,0.307,42.6,2.5,60.3,30.2
1129,Ahmedabad,23.1558,72.5308,2024-08-27,0.402,51.9,4.25,40.6,33.0
1130,Kolkata,22.5146,88.4892,2024-06-25,0.568,60.2,4.29,20.9,36.4
1131,Kolkata,22.483,88.2865,2024-08-24,0.621,93.1,1.49,11.0,25.5
1132,Mumbai,18.9079,72.9902,2024-07-24,0.303,97.5,3.03,53.2,30.9
1133,Bengaluru,13.0873,77.6089,2024-04-21,0.564,44.4,1.41,42.8,30.2
1134,Chennai,13.2128,80.4268,2024-09-29,0.547,87.5,4.25,39.9,28.0
1135,Kolkata,22.5197,88.1861,2024-06-29,0.553,66.7,3.34,19.1,32.8
1136,Pune,18.4572,73.8243,2024-10-21,0.565,55.8,4.53,33.5,22.1
1137,Kolkata,22.7281,88.2362,2024-04-16,0.429,62.9,1.83,57.3,33.9
1138,Delhi,28.7455,77.1734,2024-04-17,0.508,32.8,3.44,36.9,33.2
1139,Pune,18.4811,73.8209,2024-08-31,0.275,66.0,4.13,49.0,27.7
1140,Chennai,12.903,80.1617,2024-03-09,0.395,55.1,4.1,42.9,38.9
1141,Mumbai,18.9546,72.8947,2024-08-18,0.364,82.9,4.01,73.8,33.4
1142,Delhi,28.6518,76.9336,2024-07-15,0.274,54.8,2.69,63.8,36.0
1143,Delhi,28.7772,76.956,2024-01-06,0.601,37.5,2.26,52.2,26.2
1144,Kolkata,22.3961,88.4648,2024-10-26,0.196,70.9,3.19,80.5,32.9
1145,Delhi,28.7605,77.2118,2024-08-20,0.449,50.0,3.87,30.9,25.7
1146,Mumbai,19.1646,72.7413,2024-03-21,0.509,57.4,4.95,49.2,35.8
1147,Chennai,13.1242,80.1769,2024-06-19,0.192,66.0,3.43,80.0,37.9
1148,Delhi,28.5851,77.209,2024-01-01,0.465,43.3,4.26,62.6,26.8
1149,Delhi,28.5763,76.9278,2024-08-16,0.453,60.1,0.71,51.3,27.6
1150,Bengaluru,13.1174,77.4868,2024-12-27,0.675,64.9,2.42,15.7,17.4
1151,Hyderabad,17.3826,78.5378,2024-03-07,0.577,46.2,4.07,23.7,31.3
1152,Hyderabad,17.4912,78.6547,2024-09-22,0.298,61.5,3.97,60.0,33.0
1153,Ahmedabad,22.8754,72.5122,2024-02-21,0.325,30.9,3.54,60.9,28.6
1154,Delhi,28.8356,77.2388,2024-10-13,0.255,50.5,3.3,85.3,30.4
1155,Bengaluru,12.8435,77.7325,2024-05-29,0.276,44.2,0.98,51.1,33.3
1156,Ahmedabad,22.9489,72.7427,2024-05-15,0.349,13.8,2.59,65.0,38.3
1157,Ahmedabad,23.0177,72.6341,2024-10-27,0.395,34.1,2.9,68.6,31.0
1158,Pune,18.376,73.7914,2024-07-11,0.301,64.6,3.58,68.3,34.5
1159,Delhi,28.8702,77.0397,2024-12-24,0.597,37.2,1.87,33.5,20.4
1160,Kolkata,22.6054,88.5051,2024-09-12,0.295,79.9,4.5,41.9,26.4
1161,Kolkata,22.6877,88.5008,2024-11-06,0.487,69.0,3.22,70.4,26.3
1162,Bengaluru,13.1304,77.6808,2024-07-16,0.449,73.0,1.65,67.1,29.0
1163,Bengaluru,13.1181,77.6988,2024-09-16,0.198,73.7,3.01,58.9,26.9
1164,Ahmedabad,23.0448,72.7491,2024-06-15,0.695,31.2,2.44,18.1,37.1
1165,Mumbai,19.1734,72.7125,2024-10-29,0.282,75.7,4.55,77.3,27.5
1166,Chennai,13.1862,80.1007,2024-01-21,0.287,66.8,3.12,71.5,29.2
1167,Delhi,28.8651,77.2364,2024-04-01,0.329,31.4,2.91,61.6,39.2
1168,Chennai,12.9094,80.2317,2024-01-28,0.338,74.4,3.18,60.7,26.7
1169,Kolkata,22.4722,88.4031,2024-10-25,0.374,83.2,2.45,54.1,22.6
1170,Bengaluru,12.9579,77.6449,2024-06-15,0.125,43.3,1.98,76.8,38.6
1171,Pune,18.6302,73.7782,2024-09-20,0.391,67.4,3.59,53.5,27.6
1172,Hyderabad,17.3955,78.4919,2024-07-26,0.499,68.9,1.99,31.2,27.5
1173,Chennai,13.0732,80.1817,2024-05-08,0.464,69.9,3.58,47.6,41.8
1174,Ahmedabad,23.125,72.4318,2024-05-19,0.315,22.0,2.05,53.9,41.8
1175,Chennai,12.9369,80.14,2024-10-16,0.158,63.3,3.16,92.6,32.1
1176,Chennai,13.0754,80.3276,2024-06-06,0.525,61.5,3.65,44.8,37.3
1177,Pune,18.6021,73.9374,2024-04-08,0.435,44.7,4.29,28.4,33.6
1178,Delhi,28.6499,77.1368,2024-03-03,0.564,32.7,3.54,20.5,33.1
1179,Hyderabad,17.4139,78.4289,2024-07-12,0.421,64.7,3.14,48.2,28.6
1180,Kolkata,22.5608,88.3251,2024-09-21,0.136,77.7,2.39,90.3,36.7
1181,Ahmedabad,22.8929,72.4495,2024-09-02,0.632,60.0,3.28,28.3,27.9
1182,Mumbai,19.1396,72.8527,2024-02-11,0.169,66.6,5.61,64.3,28.8
1183,Bengaluru,12.9881,77.5554,2024-07-28,0.401,70.3,3.1,52.8,25.2
1184,Kolkata,22.6448,88.3303,2024-07-18,0.456,82.0,0.33,42.7,30.8
1185,Bengaluru,12.934,77.5862,2024-02-07,0.328,55.5,3.35,76.0,22.0
1186,Delhi,28.8052,77.1993,2024-05-09,0.587,42.8,2.29,23.4,34.1
1187,Mumbai,19.1539,73.0153,2024-02-02,0.554,69.0,4.99,40.1,19.5
1188,Ahmedabad,23.16,72.4112,2024-12-09,0.336,37.2,3.08,79.0,34.7
1189,Chennai,13.0926,80.1013,2024-01-22,0.45,73.8,4.78,51.8,28.0
1190,Bengaluru,12.9457,77.5095,2024-10-04,0.313,52.1,3.35,69.8,21.1
1191,Kolkata,22.4206,88.2782,2024-12-13,0.715,74.7,2.95,14.3,17.5
1192,Bengaluru,12.8588,77.6805,2024-06-23,0.37,56.5,3.54,69.6,35.0
1193,Pune,18.5599,73.8909,2024-07-05,0.485,65.9,5.64,37.0,22.9
1194,Kolkata,22.689,88.4524,2024-03-16,0.603,59.0,2.74,31.3,35.4
1195,Delhi,28.8595,77.2231,2024-07-30,0.631,58.5,2.82,15.1,27.5
1196,Kolkata,22.631,88.3809,2024-11-17,0.496,66.4,3.13,42.6,25.0
1197,Pune,18.6087,73.6979,2024-03-17,0.424,47.4,4.23,53.7,35.6
1198,Pune,18.5743,74.0011,2024-10-30,0.418,63.0,5.32,38.0,23.0
1199,Kolkata,22.4465,88.335,2024-11-28,0.271,74.8,0.76,76.9,27.9
1200,Delhi,28.5299,76.95,2024-07-30,0.108,50.6,1.76,91.5,34.2
1201,Delhi,28.8443,77.2514,2024-06-17,0.429,32.8,1.44,49.5,38.8
1202,Bengaluru,12.9598,77.6751,2024-06-29,0.416,41.7,1.91,57.3,31.8
1203,Hyderabad,17.4287,78.5011,2024-09-16,0.403,62.7,3.81,53.2,31.9
1204,Bengaluru,13.0839,77.6966,2024-09-05,0.342,76.8,3.27,54.0,27.5
1205,Kolkata,22.6793,88.5149,2024-01-22,0.407,72.5,2.43,54.6,23.5
1206,Hyderabad,17.2915,78.5136,2024-07-23,0.528,67.9,3.03,31.6,31.3
1207,Mumbai,19.0274,72.7749,2024-07-08,0.244,87.8,4.09,77.1,31.5
1208,Bengaluru,13.0558,77.6932,2024-10-13,0.456,50.6,3.82,59.2,20.7
1209,Mumbai,19.254,72.857,2024-03-09,0.441,66.8,3.1,62.6,38.2
1210,Pune,18.376,73.7288,2024-04-21,0.283,46.9,3.63,72.5,38.6
1211,Pune,18.6499,73.7327,2024-03-03,0.219,48.9,2.61,77.9,37.2
1212,Chennai,13.2111,80.2894,2024-01-18,0.474,78.2,3.86,52.2,27.6
1213,Mumbai,18.9011,72.9245,2024-07-20,0.369,89.1,5.27,58.5,29.9
1214,Chennai,13.212,80.2592,2024-03-18,0.24,59.1,4.58,75.3,41.8
1215,Kolkata,22.4756,88.2146,2024-04-24,0.67,60.3,3.57,12.2,32.6
1216,Hyderabad,17.4813,78.4886,2024-11-07,0.351,49.8,3.15,65.7,27.9
1217,Kolkata,22.5137,88.3573,2024-09-01,0.442,93.5,2.75,38.7,26.3
1218,Chennai,13.1317,80.4313,2024-03-16,0.207,65.4,4.09,61.2,44.5
1219,Bengaluru,12.8909,77.5943,2024-04-23,0.594,44.5,1.2,35.1,34.1
1220,Mumbai,19.1017,73.0527,2024-08-03,0.34,84.4,4.82,59.6,28.9
1221,Ahmedabad,22.9315,72.717,2024-11-27,0.565,37.7,6.02,19.4,24.3
1222,Hyderabad,17.4234,78.4697,2024-10-10,0.523,45.0,1.59,22.4,23.7
1223,Kolkata,22.4027,88.3998,2024-10-17,0.617,72.2,3.11,18.9,22.6
1224,Delhi,28.6587,77.2142,2024-07-26,0.557,61.1,2.66,28.9,27.5
1225,Ahmedabad,23.0687,72.5601,2024-06-19,0.294,32.9,2.31,84.6,43.7
1226,Chennai,13.2228,80.4469,2024-02-12,0.559,72.8,4.68,18.6,24.1
1227,Bengaluru,13.0333,77.5,2024-07-01,0.173,73.9,3.15,91.8,34.5
1228,Hyderabad,17.3178,78.6316,2024-03-24,0.23,34.1,3.12,78.2,39.4
1229,Kolkata,22.5061,88.5089,2024-03-26,0.421,62.7,2.28,57.4,38.0
1230,Kolkata,22.5691,88.3142,2024-12-28,0.462,76.3,3.33,48.3,22.9
1231,Hyderabad,17.5171,78.5323,2024-08-04,0.485,66.4,3.56,55.0,29.5
1232,Mumbai,19.17,72.7648,2024-09-19,0.513,95.0,5.23,28.3,25.6
1233,Pune,18.5507,73.9299,2024-05-21,0.535,48.3,4.71,10.8,28.5
1234,Kolkata,22.6107,88.3619,2024-11-29,0.553,68.2,2.33,53.4,23.9
1235,Pune,18.4986,73.7933,2024-04-23,0.542,45.5,2.91,56.6,35.9
1236,Chennai,12.9914,80.2733,2024-02-21,0.554,70.8,5.32,43.9,25.6
1237,Chennai,12.9134,80.3087,2024-04-29,0.381,55.1,4.32,43.0,37.3
1238,Pune,18.6276,73.7402,2024-09-20,0.286,55.5,2.99,68.2,33.0
1239,Mumbai,18.9882,73.0047,2024-10-07,0.405,72.7,4.82,44.2,21.6
1240,Delhi,28.6477,77.2165,2024-12-18,0.377,45.6,2.52,54.2,28.2
1241,Mumbai,19.1203,72.8579,2024-09-21,0.586,94.8,4.55,30.6,24.2
1242,Hyderabad,17.5289,78.3081,2024-05-12,0.212,38.0,3.64,93.1,39.9
1243,Delhi,28.8506,77.1351,2024-09-26,0.399,55.7,3.86,42.3,26.4
1244,Hyderabad,17.2409,78.5743,2024-11-19,0.405,49.1,3.94,57.0,30.3
1245,Chennai,12.9714,80.1826,2024-04-10,0.369,52.1,5.22,57.8,43.2
1246,Ahmedabad,22.8681,72.5687,2024-02-01,0.308,38.3,4.48,50.3,29.8
1247,Pune,18.3643,73.8637,2024-04-24,0.305,48.1,2.71,81.6,39.4
1248,Bengaluru,13.1452,77.6614,2024-12-22,0.374,47.7,2.42,53.3,19.9
1249,Kolkata,22.6555,88.2921,2024-07-28,0.263,80.3,3.83,92.8,32.3
1250,Chennai,13.2594,80.1978,2024-01-31,0.539,75.2,3.36,25.5,21.5
1251,Hyderabad,17.3899,78.5184,2024-05-15,0.741,40.9,4.73,8.3,31.6
1252,Pune,18.5078,73.8796,2024-12-30,0.429,56.1,3.67,43.9,23.7
1253,Kolkata,22.5992,88.2538,2024-08-05,0.475,77.4,1.9,42.3,29.5
1254,Kolkata,22.7181,88.1961,2024-06-12,0.443,58.1,2.4,55.8,37.4
1255,Chennai,13.069,80.1585,2024-08-01,0.203,87.3,3.48,89.4,36.5
1256,Kolkata,22.5409,88.2452,2024-01-09,0.198,66.9,3.67,90.1,29.2
1257,Delhi,28.7041,77.1635,2024-04-12,0.188,30.3,1.64,73.8,42.0
1258,Pune,18.4338,73.8159,2024-10-20,0.386,54.5,4.51,55.4,24.6
1259,Chennai,13.1345,80.1919,2024-12-25,0.238,70.0,3.58,77.1,26.3
1260,Kolkata,22.728,88.3837,2024-12-04,0.597,66.6,2.15,42.2,25.3
1261,Bengaluru,13.1449,77.7553,2024-12-21,0.352,53.6,2.03,83.0,25.9
1262,Mumbai,19.1228,73.0012,2024-11-23,0.17,66.0,2.08,70.9,28.0
1263,Chennai,13.0442,80.4347,2024-06-08,0.625,62.3,4.21,22.1,33.4
1264,Mumbai,19.1341,72.9166,2024-02-09,0.388,73.8,3.11,69.9,28.5
1265,Bengaluru,12.9387,77.7121,2024-07-18,0.213,76.2,3.2,87.5,29.9
1266,Pune,18.5549,74.0112,2024-06-11,0.342,44.3,2.0,83.3,41.3
1267,Chennai,13.2561,80.2682,2024-12-08,0.301,74.4,4.4,59.4,28.9
1268,Bengaluru,12.8381,77.4986,2024-08-22,0.661,72.2,2.87,17.8,21.5
1269,Chennai,13.1544,80.1846,2024-09-23,0.131,81.9,4.59,93.6,39.0
1270,Ahmedabad,23.1225,72.6839,2024-07-28,0.633,53.9,2.34,18.8,25.7
1271,Pune,18.6108,73.7013,2024-11-08,0.336,53.5,3.76,66.7,25.9
1272,Chennai,13.0853,80.1373,2024-11-14,0.179,64.5,3.83,87.0,30.1
1273,Chennai,13.2172,80.4325,2024-01-12,0.406,75.7,2.87,62.9,30.2
1274,Pune,18.3634,74.0199,2024-08-11,0.25,65.8,3.15,79.5,33.7
1275,Delhi,28.8744,77.0257,2024-03-25,0.073,33.0,2.2,94.5,44.3
1276,Ahmedabad,23.0993,72.6686,2024-08-19,0.557,57.4,2.09,33.6,26.9
1277,Hyderabad,17.4545,78.4507,2024-05-31,0.323,39.1,3.2,65.0,37.8
1278,Ahmedabad,23.2011,72.563,2024-12-17,0.303,35.8,3.18,73.0,34.7
1279,Hyderabad,17.3605,78.5229,2024-01-03,0.254,46.3,2.47,76.6,30.9
1280,Pune,18.3681,73.8201,2024-10-26,0.322,57.6,4.06,65.5,25.1
1281,Mumbai,18.9938,72.7031,2024-10-14,0.221,60.7,4.53,72.0,31.4
1282,Bengaluru,13.0559,77.6267,2024-01-05,0.579,53.8,0.99,36.3,21.8
1283,Hyderabad,17.4961,78.6016,2024-07-28,0.391,56.6,3.92,32.9,25.1
1284,Pune,18.3932,73.7817,2024-07-04,0.572,63.9,3.05,27.6,24.5
1285,Chennai,12.9498,80.14,2024-10-09,0.252,68.3,4.22,59.4,29.1
1286,Hyderabad,17.2148,78.5623,2024-11-18,0.472,51.6,3.97,33.9,24.0
1287,Hyderabad,17.4958,78.549,2024-01-15,0.524,56.5,4.66,31.6,24.9
1288,Hyderabad,17.5236,78.4504,2024-05-26,0.321,34.1,3.95,58.1,38.9
1289,Ahmedabad,22.8924,72.4603,2024-02-26,0.597,35.4,3.9,37.4,26.3
1290,Pune,18.6696,73.8275,2024-08-27,0.269,68.5,3.57,62.6,25.3
1291,Mumbai,18.9879,72.7758,2024-01-03,0.421,77.6,3.44,59.0,27.5
1292,Delhi,28.8572,77.1212,2024-10-15,0.208,36.9,3.45,80.5,27.7
1293,Delhi,28.5652,77.0576,2024-01-20,0.358,41.2,3.47,67.2,26.3
1294,Kolkata,22.4175,88.4522,2024-05-03,0.361,63.8,1.86,49.6,35.9
1295,Bengaluru,12.8651,77.6737,2024-04-15,0.467,49.3,2.69,40.7,31.7
1296,Pune,18.6404,74.002,2024-07-27,0.184,77.4,2.97,68.4,29.5
1297,Pune,18.6785,73.9156,2024-07-03,0.229,71.4,1.89,83.6,30.2
1298,Ahmedabad,22.9047,72.6095,2024-04-15,0.218,27.1,2.15,89.0,47.2
1299,Ahmedabad,23.0461,72.6539,2024-08-20,0.277,47.6,2.08,59.9,38.4
1300,Delhi,28.5645,77.2226,2024-08-01,0.63,54.9,4.5,25.2,25.0
1301,Kolkata,22.527,88.4644,2024-06-27,0.263,60.4,1.87,70.9,40.8
1302,Mumbai,19.2393,73.0018,2024-04-05,0.439,67.9,5.87,41.1,34.7
1303,Pune,18.6942,73.6896,2024-08-29,0.582,65.3,4.71,9.3,21.9
1304,Kolkata,22.5917,88.3022,2024-02-14,0.392,68.9,0.2,35.4,24.2
1305,Pune,18.4588,74.0239,2024-03-03,0.328,46.3,3.1,47.0,29.7
1306,Hyderabad,17.461,78.4426,2024-05-30,0.349,40.1,3.38,68.3,39.0
1307,Kolkata,22.5704,88.2959,2024-05-14,0.095,59.6,1.77,87.3,38.1
1308,Kolkata,22.7485,88.4395,2024-07-08,0.348,91.3,1.77,90.1,31.9
1309,Ahmedabad,23.0046,72.6705,2024-03-02,0.31,29.8,3.12,56.5,41.8
1310,Kolkata,22.4818,88.4616,2024-08-16,0.345,92.9,2.15,42.6,22.9
1311,Mumbai,19.2179,72.9426,2024-05-21,0.256,70.6,4.85,82.2,40.6
1312,Delhi,28.5815,77.2424,2024-12-27,0.436,42.3,1.28,49.6,24.1
1313,Hyderabad,17.3236,78.5151,2024-08-07,0.477,64.6,4.15,39.6,28.7
1314,Pune,18.3701,73.8047,2024-06-07,0.149,36.8,3.91,70.7,37.8
1315,Hyderabad,17.3174,78.4039,2024-11-25,0.32,49.7,2.93,74.5,25.2
1316,Delhi,28.6023,76.9609,2024-02-17,0.466,40.3,4.11,31.6,22.6
1317,Delhi,28.5551,77.021,2024-02-03,0.462,49.5,1.27,30.9,24.0
1318,Bengaluru,13.1337,77.5115,2024-10-02,0.353,56.1,2.49,51.5,21.4
1319,Delhi,28.6449,76.9982,2024-02-10,0.503,42.3,3.1,41.9,26.1
1320,Hyderabad,17.4832,78.6225,2024-05-31,0.469,41.2,2.88,46.7,38.1
1321,Mumbai,19.0265,72.8081,2024-11-09,0.573,78.4,4.71,22.1,23.8
1322,Bengaluru,13.114,77.5679,2024-10-15,0.509,62.6,2.76,38.6,17.0
1323,Kolkata,22.6608,88.4856,2024-03-18,0.672,65.9,1.65,25.5,29.4
1324,Bengaluru,12.9147,77.7385,2024-09-27,0.217,74.5,4.62,72.8,28.2
1325,Ahmedabad,22.8965,72.4754,2024-08-30,0.47,53.5,1.96,36.9,30.5
1326,Hyderabad,17.4757,78.5621,2024-04-15,0.339,36.4,4.78,48.7,34.8
1327,Mumbai,19.1755,72.7679,2024-09-16,0.489,83.7,4.57,44.6,29.3
1328,Kolkata,22.5616,88.4326,2024-10-18,0.408,61.4,2.56,70.3,25.2
1329,Ahmedabad,22.9468,72.5244,2024-07-24,0.37,59.4,4.16,61.8,38.8
1330,Mumbai,18.9432,73.0153,2024-10-29,0.533,81.5,5.75,47.8,24.0
1331,Ahmedabad,23.184,72.571,2024-05-29,0.135,24.4,2.78,95.6,45.1
1332,Hyderabad,17.2319,78.3973,2024-03-05,0.611,45.6,4.2,32.2,35.7
1333,Hyderabad,17.2927,78.4459,2024-12-21,0.511,39.9,3.73,46.7,24.2
1334,Delhi,28.6876,77.2131,2024-06-15,0.381,38.3,2.63,66.0,40.8
1335,Chennai,13.014,80.282,2024-02-22,0.562,71.7,3.37,40.3,27.6
1336,Delhi,28.8672,76.9441,2024-05-22,0.455,31.8,2.12,30.5,33.5
1337,Mumbai,19.1762,72.7993,2024-03-07,0.507,67.6,3.24,31.5,34.0
1338,Hyderabad,17.5028,78.5835,2024-04-12,0.473,41.6,3.35,48.7,32.3
1339,Delhi,28.5678,76.9237,2024-11-30,0.399,44.5,3.95,55.8,23.3
1340,Chennai,13.2144,80.2787,2024-12-04,0.761,66.4,3.55,7.5,20.7
1341,Bengaluru,12.8309,77.6501,2024-08-09,0.234,71.4,3.23,76.4,29.6
1342,Delhi,28.7107,77.2507,2024-04-28,0.403,29.2,2.73,66.5,36.2
1343,Bengaluru,12.9649,77.7712,2024-06-12,0.248,47.8,1.99,91.2,40.6
1344,Hyderabad,17.5596,78.5256,2024-07-01,0.524,74.7,3.75,54.0,27.3
1345,Pune,18.5808,73.8464,2024-01-01,0.301,54.9,3.15,74.5,23.8
1346,Kolkata,22.701,88.3496,2024-10-28,0.176,69.9,2.0,79.4,29.1
1347,Mumbai,18.9415,72.8219,2024-09-02,0.435,84.7,3.83,30.4,25.6
1348,Chennai,13.1269,80.1738,2024-12-01,0.497,70.9,3.92,33.3,26.8
1349,Bengaluru,12.9665,77.6882,2024-03-18,0.35,45.1,3.91,65.6,34.5
1350,Mumbai,19.0765,72.9223,2024-03-17,0.145,71.8,6.28,78.8,41.5
1351,Delhi,28.7522,77.2298,2024-06-19,0.133,18.2,2.21,82.1,45.3
1352,Pune,18.4094,73.7731,2024-04-13,0.656,43.0,3.87,11.2,31.8
1353,Chennai,13.184,80.2554,2024-04-27,0.384,66.3,4.74,56.8,40.1
1354,Bengaluru,12.8404,77.5529,2024-02-12,0.612,51.8,1.96,34.3,18.1
1355,Mumbai,18.9801,72.7339,2024-02-10,0.364,79.8,4.93,64.5,28.5
1356,Hyderabad,17.422,78.411,2024-06-07,0.599,35.0,2.84,13.8,32.5
1357,Kolkata,22.5622,88.2944,2024-11-14,0.519,77.2,3.24,32.0,23.9
1358,Ahmedabad,23.1797,72.57,2024-03-30,0.345,31.5,3.06,73.4,42.3
1359,Chennai,13.1964,80.1038,2024-01-02,0.159,68.0,3.07,88.0,34.8
1360,Chennai,12.9506,80.141,2024-01-17,0.38,69.1,3.31,41.7,27.5
1361,Kolkata,22.5835,88.3714,2024-09-06,0.762,85.7,3.17,12.6,23.6
1362,Pune,18.6503,73.8533,2024-09-05,0.498,64.5,4.31,38.3,26.0
1363,Ahmedabad,22.9333,72.5323,2024-02-28,0.462,40.2,1.89,23.8,26.9
1364,Chennai,13.0429,80.1012,2024-12-05,0.629,71.3,4.34,27.4,25.7
1365,Chennai,13.1028,80.4061,2024-10-30,0.534,74.3,3.85,26.5,22.4
1366,Ahmedabad,23.0747,72.5262,2024-03-17,0.167,30.5,4.46,94.2,45.1
1367,Delhi,28.7143,77.2736,2024-08-03,0.672,65.9,4.35,21.5,24.8
1368,Delhi,28.6698,76.9368,2024-04-09,0.349,36.8,2.27,42.7,33.5
1369,Mumbai,19.1618,73.053,2024-08-16,0.38,88.6,3.81,63.8,32.5
1370,Kolkata,22.7459,88.4628,2024-06-12,0.364,67.3,2.26,42.0,35.4
1371,Pune,18.3409,73.8984,2024-12-30,0.553,49.9,3.64,54.8,22.8
1372,Mumbai,19.0659,72.8594,2024-05-02,0.18,67.8,4.74,84.7,41.1
1373,Pune,18.5407,73.9232,2024-01-05,0.484,52.1,2.47,41.8,23.6
1374,Mumbai,19.1073,72.8334,2024-02-01,0.57,73.4,4.69,39.2,22.5
1375,Bengaluru,13.003,77.5217,2024-11-26,0.703,55.9,3.5,3.2,15.7
1376,Delhi,28.7836,77.2042,2024-12-06,0.641,47.5,1.24,14.3,20.8
1377,Kolkata,22.4284,88.2577,2024-01-01,0.251,63.8,3.33,83.2,29.6
1378,Chennai,13.0116,80.4387,2024-04-12,0.526,63.9,2.87,33.7,34.5
1379,Kolkata,22.5848,88.419,2024-03-15,0.609,66.8,2.54,40.2,36.8
1380,Mumbai,18.9961,72.8586,2024-06-05,0.523,57.9,4.51,47.0,37.7
1381,Delhi,28.7903,77.0539,2024-04-19,0.512,34.4,2.67,33.5,34.2
1382,Ahmedabad,23.0843,72.4547,2024-12-01,0.44,34.6,3.35,44.6,30.1
1383,Ahmedabad,23.1265,72.7101,2024-08-13,0.229,46.7,3.49,47.4,34.1
1384,Bengaluru,13.1308,77.6654,2024-03-27,0.375,55.3,1.59,58.3,35.1
1385,Chennai,13.2,80.3916,2024-10-29,0.368,65.0,5.34,67.2,29.1
1386,Kolkata,22.4585,88.2611,2024-04-15,0.812,69.6,2.88,11.8,30.6
1387,Mumbai,18.9278,73.0471,2024-05-24,0.642,67.0,6.16,10.5,33.7
1388,Bengaluru,12.8946,77.5078,2024-12-01,0.622,62.8,2.91,32.4,19.7
1389,Pune,18.4792,73.801,2024-08-04,0.466,65.8,2.62,51.0,29.7
1390,Chennai,13.0463,80.3879,2024-01-27,0.345,72.3,3.07,69.2,25.7
1391,Mumbai,19.2192,72.7363,2024-05-10,0.526,57.5,4.72,41.5,36.8
1392,Ahmedabad,23.097,72.5996,2024-12-25,0.489,42.5,2.79,32.2,29.5
1393,Pune,18.5635,73.9898,2024-07-28,0.562,71.7,5.05,24.7,24.4
1394,Chennai,12.9938,80.1059,2024-01-27,0.27,65.9,3.69,79.7,28.8
1395,Ahmedabad,22.8505,72.7183,2024-07-29,0.581,57.2,2.42,33.5,28.9
1396,Kolkata,22.5433,88.3941,2024-01-25,0.615,74.5,1.77,3.3,17.6
1397,Ahmedabad,22.8559,72.6789,2024-09-18,0.166,45.9,1.95,77.0,34.6
1398,Pune,18.4038,74.0267,2024-08-12,0.763,71.3,3.19,9.1,20.5
1399,Pune,18.353,73.8305,2024-10-23,0.26,46.6,2.29,61.8,24.3
1400,Chennai,13.0673,80.1683,2024-11-12,0.306,70.8,5.41,71.0,28.1
1401,Pune,18.5272,73.9792,2024-04-02,0.456,47.6,4.79,56.5,36.5
1402,Mumbai,18.9272,72.7055,2024-08-04,0.547,97.3,2.93,23.2,28.7
1403,Chennai,13.0294,80.2222,2024-03-17,0.183,53.7,4.1,88.8,45.7
1404,Chennai,13.0603,80.1247,2024-09-27,0.34,87.3,2.03,46.1,31.4
1405,Chennai,13.2209,80.2124,2024-07-29,0.603,85.9,4.77,28.2,29.4
1406,Hyderabad,17.4566,78.3383,2024-09-17,0.276,64.3,3.19,62.7,37.2
1407,Delhi,28.6201,77.2104,2024-01-04,0.439,39.5,1.54,56.8,24.3
1408,Bengaluru,13.0821,77.5138,2024-04-30,0.637,48.4,3.11,14.5,27.0
1409,Bengaluru,12.8074,77.6539,2024-01-17,0.534,59.6,3.51,43.1,21.9
1410,Delhi,28.6375,77.0516,2024-12-18,0.498,37.7,2.25,49.5,27.6
1411,Kolkata,22.3975,88.3814,2024-02-27,0.584,74.3,2.56,36.5,21.4
1412,Ahmedabad,23.1443,72.5921,2024-03-11,0.303,29.1,2.91,66.4,43.3
1413,Bengaluru,13.017,77.6009,2024-04-27,0.431,48.5,4.78,55.4,33.5
1414,Ahmedabad,23.0752,72.7238,2024-03-02,0.463,23.3,3.76,44.4,39.4
1415,Chennai,12.9422,80.4347,2024-07-09,0.663,83.0,4.23,11.5,28.0
1416,Chennai,13.1667,80.4268,2024-05-06,0.437,54.1,3.45,50.2,40.8
1417,Hyderabad,17.231,78.3833,2024-02-24,0.553,48.1,4.72,38.1,27.3
1418,Mumbai,19.0079,72.7661,2024-06-22,0.568,68.5,3.67,22.7,32.7
1419,Pune,18.4464,73.9958,2024-06-30,0.343,45.6,2.72,70.9,36.6
1420,Bengaluru,12.9062,77.507,2024-01-08,0.586,59.5,3.58,17.5,17.0
1421,Kolkata,22.6644,88.3,2024-09-23,0.493,88.7,2.28,35.6,24.9
1422,Ahmedabad,22.9369,72.7099,2024-09-09,0.378,49.4,5.28,63.6,33.8
1423,Mumbai,19.1285,72.734,2024-12-20,0.695,82.5,5.87,30.3,20.5
1424,Mumbai,18.9594,73.0285,2024-02-10,0.517,79.7,4.43,33.3,25.5
1425,Kolkata,22.5753,88.4646,2024-04-06,0.372,61.2,3.22,57.1,36.5
1426,Ahmedabad,22.8838,72.4413,2024-08-13,0.436,48.2,3.23,51.7,33.3
1427,Mumbai,19.1618,72.9781,2024-10-07,0.499,68.0,4.93,36.6,26.6
1428,Ahmedabad,23.0618,72.5908,2024-08-27,0.3,55.4,4.13,74.6,36.0
1429,Pune,18.5289,73.9899,2024-01-04,0.229,45.5,4.27,85.5,30.3
1430,Ahmedabad,23.1058,72.6557,2024-02-08,0.264,32.4,3.02,84.9,32.8
1431,Mumbai,19.1061,72.8324,2024-11-18,0.486,74.4,2.58,42.4,26.2
1432,Hyderabad,17.3768,78.5244,2024-09-01,0.407,64.4,2.94,43.9,30.8
1433,Hyderabad,17.3089,78.4904,2024-03-02,0.355,38.5,2.41,75.5,43.0
1434,Kolkata,22.7025,88.2033,2024-12-24,0.561,75.9,2.58,30.3,23.3
1435,Kolkata,22.4911,88.3517,2024-12-21,0.402,68.5,2.53,76.0,30.4
1436,Mumbai,19.1507,72.7141,2024-11-02,0.409,67.8,4.9,80.1,29.2
1437,Bengaluru,13.1,77.5618,2024-01-09,0.632,66.8,1.72,15.0,17.0
1438,Kolkata,22.6734,88.2067,2024-05-13,0.467,61.4,0.4,23.0,35.6
1439,Bengaluru,12.8018,77.5374,2024-09-29,0.212,64.5,3.47,98.6,32.0
1440,Pune,18.5949,73.8275,2024-09-01,0.417,66.9,3.83,63.3,29.1
1441,Pune,18.6393,73.9508,2024-05-02,0.608,55.5,4.73,8.5,30.1
1442,Chennai,13.1169,80.4502,2024-12-10,0.67,83.2,4.45,4.4,17.6
1443,Hyderabad,17.5204,78.3252,2024-04-19,0.53,38.3,2.64,57.7,39.0
1444,Delhi,28.803,77.2301,2024-06-02,0.261,27.5,4.15,89.9,42.5
1445,Mumbai,19.1136,73.0232,2024-02-18,0.249,76.2,5.08,60.0,28.3
1446,Delhi,28.5534,77.1681,2024-10-15,0.416,38.5,1.67,53.9,30.5
1447,Pune,18.4076,73.8615,2024-01-13,0.308,54.0,4.5,75.7,24.0
1448,Delhi,28.7745,77.1575,2024-04-26,0.3,30.8,2.33,78.8,41.4
1449,Hyderabad,17.5082,78.5043,2024-11-04,0.471,52.9,2.26,44.3,27.8
1450,Kolkata,22.4682,88.3602,2024-02-02,0.446,75.6,3.25,55.1,28.2
1451,Ahmedabad,22.8643,72.5419,2024-09-01,0.256,57.4,3.49,85.3,36.7
1452,Pune,18.6309,74.0246,2024-06-14,0.34,47.5,3.71,48.5,35.6
1453,Pune,18.5159,73.8807,2024-04-03,0.417,48.3,3.93,31.8,31.3
1454,Ahmedabad,23.0074,72.6385,2024-09-27,0.511,50.6,5.2,33.3,32.3
1455,Mumbai,19.061,72.879,2024-05-01,0.498,64.8,5.73,55.5,32.7
1456,Kolkata,22.5799,88.3743,2024-10-17,0.313,65.1,1.52,73.1,32.4
1457,Kolkata,22.7443,88.5347,2024-02-16,0.5,71.3,3.33,63.7,25.2
1458,Kolkata,22.4682,88.2862,2024-12-01,0.284,68.2,3.38,68.3,27.8
1459,Delhi,28.7557,77.2542,2024-04-19,0.33,38.3,3.55,60.1,37.1
1460,Mumbai,18.9837,72.9224,2024-06-12,0.542,67.5,4.12,25.9,37.8
1461,Bengaluru,13.1003,77.7027,2024-03-26,0.188,46.5,3.54,81.1,39.3
1462,Bengaluru,13.1265,77.5739,2024-10-19,0.443,62.3,2.99,47.1,19.1
1463,Pune,18.3879,74.0169,2024-02-18,0.292,55.1,4.31,71.0,23.9
1464,Pune,18.6901,73.8024,2024-04-16,0.636,53.8,2.95,24.7,30.4
1465,Delhi,28.8711,77.1472,2024-03-04,0.098,33.6,4.95,85.8,39.6
1466,Chennai,13.1335,80.2134,2024-01-18,0.277,64.5,4.72,73.0,29.2
1467,Chennai,13.1884,80.2475,2024-03-05,0.569,54.8,2.25,17.9,32.9
1468,Mumbai,18.9413,72.9986,2024-08-28,0.591,84.5,4.01,53.5,27.5
1469,Hyderabad,17.5385,78.3259,2024-03-12,0.193,39.0,3.9,73.9,42.0
1470,Ahmedabad,22.9724,72.4573,2024-11-22,0.612,41.7,3.64,13.2,24.9
1471,Delhi,28.7458,77.0514,2024-06-03,0.337,36.0,1.09,55.1,37.9
1472,Mumbai,18.954,72.7032,2024-09-12,0.29,98.0,5.09,72.1,29.1
1473,Hyderabad,17.3904,78.6657,2024-10-20,0.467,55.8,3.1,57.0,27.3
1474,Ahmedabad,23.1458,72.5707,2024-02-16,0.292,36.9,2.37,81.7,33.8
1475,Mumbai,19.121,72.7836,2024-10-20,0.398,67.0,2.54,64.5,26.4
1476,Chennai,13.0721,80.4435,2024-03-12,0.512,58.9,2.85,65.0,38.9
1477,Kolkata,22.4946,88.3969,2024-05-10,0.285,55.8,2.92,71.2,39.2
1478,Kolkata,22.4399,88.5395,2024-05-01,0.57,62.0,2.83,39.7,34.6
1479,Hyderabad,17.3067,78.4105,2024-03-26,0.449,33.5,2.77,53.9,38.3
1480,Kolkata,22.3947,88.3657,2024-06-27,0.388,61.7,2.01,60.2,34.4
1481,Kolkata,22.4732,88.4489,2024-09-04,0.621,91.3,2.17,17.2,25.6
1482,Delhi,28.7096,76.931,2024-12-08,0.326,30.7,2.65,61.4,30.8
1483,Hyderabad,17.3254,78.4235,2024-09-10,0.235,57.7,3.17,95.7,34.6
1484,Hyderabad,17.4556,78.6584,2024-09-30,0.312,62.8,3.28,72.9,32.1
1485,Mumbai,18.9496,72.7976,2024-08-24,0.365,87.8,4.48,44.1,27.2
1486,Pune,18.6341,73.7891,2024-03-24,0.27,43.7,3.84,78.5,37.6
1487,Mumbai,18.9926,72.8201,2024-11-30,0.185,80.5,4.55,82.5,30.0
1488,Pune,18.3798,73.7658,2024-11-18,0.243,51.7,4.41,57.2,24.5
1489,Kolkata,22.6652,88.2669,2024-08-02,0.34,87.1,2.69,61.0,27.5
1490,Ahmedabad,22.9066,72.6028,2024-12-09,0.603,34.5,3.49,17.4,26.1
1491,Hyderabad,17.4407,78.4076,2024-10-18,0.626,52.1,2.94,48.0,22.4
1492,Ahmedabad,23.0396,72.7102,2024-09-17,0.485,57.1,2.19,64.9,32.1
1493,Chennai,13.2435,80.3851,2024-12-07,0.733,65.5,5.08,19.3,23.7
1494,Kolkata,22.5689,88.263,2024-07-04,0.481,96.8,2.63,46.1,23.6
1495,Delhi,28.8005,77.1696,2024-07-25,0.601,62.7,2.95,16.1,24.0
1496,Bengaluru,12.9094,77.6631,2024-01-23,0.292,59.1,4.75,65.0,22.0
1497,Bengaluru,12.9795,77.5984,2024-05-11,0.367,50.8,1.78,56.7,33.6
1498,Delhi,28.5994,77.0348,2024-02-12,0.343,43.8,2.79,73.4,28.3
1499,Delhi,28.7896,77.1014,2024-01-17,0.119,40.7,2.94,85.2,32.2
1500,Pune,18.6649,73.8403,2024-03-12,0.472,43.0,3.68,51.6,31.9
